Time (sec),RPM,Coolant Temp (C),TPS (%),MAP (kPa),MAP Rate (kPa/sec),Battery Volt (V),Fuel Open Time (ms),Fuel Duty Cycle (%),Starting Compensation - Fuel (%),Coolant Temp Compensation - Fuel (%),Ignition Angle (DBTDC),Anlg #5 (C), Anlg #6,Anlg #7 (C),Digital Output #1,Digital Output #2,Digital Output #3,Digital Output #4,Digital Output #5,Digital Output #6,Digital Output #7,Digital Output #8,Digital Output #9,Digital Output #10,Open Time Clip,Charge Time Clip,Measured AFR #1,Accel Base Comp (%),
0.000,5232,40.0,0.0,53.43,-441.3,13.80,3.39,29.0,164.8,104.0,20.0,-63.0,0.02,-63.0,0,0,0,1,0,0,0,0,0,0,0,0,19.11,100.4,
0.100,5320,40.0,0.0,51.50,199.9,13.80,3.28,29.3,164.8,103.9,20.0,-63.0,0.02,-63.0,0,0,0,1,0,0,0,0,0,0,0,0,19.11,100.3,
0.203,5275,40.0,0.0,45.78,-206.8,13.80,3.75,32.7,164.8,103.8,20.0,-63.0,0.02,-63.0,0,0,0,1,0,0,0,0,0,0,0,0,19.11,120.0,
0.300,4995,40.0,0.0,44.75,-131.0,13.90,3.81,32.1,164.8,103.8,20.0,-63.0,0.02,-63.0,0,0,0,1,0,0,0,0,0,0,0,0,19.11,120.0,
0.400,4725,40.0,0.0,41.30,-96.5,13.90,3.33,26.6,164.8,103.7,20.0,-63.0,0.02,-63.0,0,0,0,1,0,0,0,0,0,0,0,0,19.11,100.3,
0.501,4373,40.0,0.0,38.61,-179.3,13.80,3.16,23.1,164.8,103.7,20.0,-63.0,0.02,-63.0,0,0,0,1,0,0,0,0,0,0,0,0,19.11,100.3,
0.601,4103,40.0,0.0,38.33,165.5,13.90,2.44,16.8,164.8,103.7,20.0,-63.0,0.02,-63.0,0,0,0,1,0,0,0,0,0,0,0,0,19.11,100.3,
0.700,4074,40.0,0.0,36.06,-96.5,14.00,2.46,16.9,164.8,103.6,20.0,-63.0,0.02,-63.0,0,0,0,1,0,0,0,0,0,0,0,0,19.11,100.3,
0.800,4026,40.0,0.0,35.37,75.8,14.00,2.42,16.2,164.8,103.6,20.0,-63.0,0.02,-63.0,0,0,0,1,0,0,0,0,0,0,0,0,19.11,100.3,
0.900,3918,40.0,0.0,36.47,151.7,14.00,2.57,17.0,164.8,103.7,20.0,-63.0,0.02,-63.0,0,0,0,1,0,0,0,0,0,0,0,0,19.11,100.3,
1.000,3857,40.0,0.0,35.09,-13.8,14.00,2.62,17.1,164.8,103.6,20.0,-63.0,0.02,-63.0,0,0,0,1,0,0,0,0,0,0,0,0,19.11,100.3,
1.100,3855,40.0,0.0,32.41,-248.2,14.00,2.50,15.9,164.8,103.6,20.5,-63.0,0.02,-63.0,0,0,0,1,0,0,0,0,0,0,0,0,19.11,100.3,
1.203,3693,40.0,0.0,33.03,-165.5,14.00,2.60,15.9,164.8,103.6,21.4,-63.0,0.02,-63.0,0,0,0,1,0,0,0,0,0,0,0,0,19.11,100.3,
1.300,3560,40.0,0.0,33.58,-193.1,14.00,2.58,15.1,164.8,103.6,22.3,-63.0,0.02,-63.0,0,0,0,1,0,0,0,0,0,0,0,0,19.11,100.3,
1.400,3532,40.0,0.0,34.13,-255.1,14.00,2.57,15.0,164.8,103.6,21.3,-63.0,0.02,-63.0,0,0,0,1,0,0,0,0,0,0,0,0,19.11,100.3,
1.501,3482,40.0,0.0,34.68,-289.6,13.90,2.63,15.1,164.8,103.7,19.9,-63.0,0.02,-63.0,0,0,0,1,0,0,0,0,0,0,0,0,19.11,100.3,
1.600,3339,40.0,0.0,38.47,27.6,13.90,2.55,14.4,164.8,103.7,22.2,-63.0,0.02,-63.0,0,0,0,1,0,0,0,0,0,0,0,0,19.11,100.3,
1.700,3283,40.0,0.0,39.85,158.6,14.00,2.62,14.6,164.8,103.7,20.3,-63.0,0.02,-63.0,0,0,0,1,0,0,0,0,0,0,0,0,19.11,100.3,
1.800,3425,40.0,0.0,39.16,137.9,13.90,2.72,15.2,164.8,103.7,18.4,-63.0,0.02,-63.0,0,0,0,1,0,0,0,0,0,0,0,0,19.11,100.3,
1.900,3399,40.0,0.0,38.06,-48.3,14.00,2.61,14.7,164.8,103.7,20.1,-63.0,0.02,-63.0,0,0,0,1,0,0,0,0,0,0,0,0,19.11,100.3,
2.001,3377,40.0,0.0,37.37,-289.6,14.00,2.74,15.3,164.8,103.7,17.8,-63.0,0.02,-63.0,0,0,0,1,0,0,0,0,0,0,0,0,19.11,100.3,
2.100,3273,40.0,0.0,41.16,41.4,14.00,2.67,14.8,164.8,103.8,19.3,-63.0,0.02,-63.0,0,0,0,1,0,0,0,0,0,0,0,0,19.11,100.3,
2.200,3236,40.0,0.0,41.58,172.4,14.00,2.67,14.3,164.8,103.7,19.7,-63.0,0.02,-63.0,0,0,0,1,0,0,0,0,0,0,0,0,19.11,100.3,
2.300,3187,40.0,0.0,39.30,-172.4,14.00,2.74,14.4,164.8,103.7,18.5,-63.0,0.02,-63.0,0,0,0,1,0,0,0,0,0,0,0,0,19.11,100.3,
2.400,3152,40.0,0.0,43.37,68.9,14.00,2.74,14.6,164.8,103.8,18.2,-63.0,0.02,-63.0,0,0,0,1,0,0,0,0,0,0,0,0,19.11,100.3,
2.500,3214,40.0,0.0,42.82,165.5,14.00,2.74,14.5,164.8,103.8,18.4,-63.0,0.02,-63.0,0,0,0,1,0,0,0,0,0,0,0,0,19.11,100.3,
2.600,3243,40.0,0.0,39.99,-303.4,14.00,2.74,14.3,164.8,103.8,18.5,-63.0,0.02,-63.0,0,0,0,1,0,0,0,0,0,0,0,0,19.11,100.3,
2.700,3260,40.0,0.0,43.92,62.1,14.00,2.74,15.0,164.8,103.8,17.9,-63.0,0.02,-63.0,0,0,0,1,0,0,0,0,0,0,0,0,19.11,100.3,
2.800,3307,40.0,0.0,43.37,172.4,14.00,2.74,15.3,164.8,103.8,17.7,-63.0,0.02,-63.0,0,0,0,1,0,0,0,0,0,0,0,0,19.11,100.3,
2.900,3357,40.0,0.0,41.85,144.8,14.00,2.74,15.1,164.8,103.7,17.9,-63.0,0.02,-63.0,0,0,0,1,0,0,0,0,0,0,0,0,19.11,100.3,
3.000,3339,40.0,0.0,39.58,-317.2,14.00,2.74,14.9,164.8,103.7,18.1,-63.0,0.02,-63.0,0,0,0,1,0,0,0,0,0,0,0,0,19.11,100.3,
3.100,3256,40.0,0.0,43.51,48.3,14.00,2.74,15.0,164.8,103.7,18.0,-63.0,0.02,-63.0,0,0,0,1,0,0,0,0,0,0,0,0,19.11,100.3,
3.201,3240,40.0,0.0,43.09,165.5,14.00,2.74,15.1,164.8,103.8,17.9,-63.0,0.02,-63.0,0,0,0,1,0,0,0,0,0,0,0,0,19.11,100.3,
3.300,3295,40.0,0.0,41.30,41.4,14.00,2.74,14.8,164.8,103.8,17.8,-63.0,0.02,-63.0,0,0,0,1,0,0,0,0,0,0,0,0,19.11,100.3,
3.402,3287,40.0,0.0,40.27,-324.1,14.00,2.74,14.8,164.8,103.8,17.7,-63.0,0.02,-63.0,0,0,0,1,0,0,0,0,0,0,0,0,19.11,100.3,
3.500,3319,40.0,0.0,43.92,117.2,14.10,2.74,15.3,164.8,103.8,17.6,-63.0,0.02,-63.0,0,0,0,1,0,0,0,0,0,0,0,0,19.11,100.3,
3.601,3303,40.0,0.0,43.09,165.5,14.00,2.73,15.3,164.8,103.7,17.7,-63.0,0.02,-63.0,0,0,0,1,0,0,0,0,0,0,0,0,19.11,100.3,
3.702,3335,40.0,0.0,41.58,96.5,14.00,2.74,15.2,164.8,103.8,17.8,-63.0,0.02,-63.0,0,0,0,1,0,0,0,0,0,0,0,0,19.11,100.3,
3.800,3388,40.0,0.0,39.58,-262.0,14.00,2.73,15.2,164.8,103.7,17.8,-63.0,0.02,-63.0,0,0,0,1,0,0,0,0,0,0,0,0,19.11,100.3,
3.900,3313,40.0,0.0,41.58,-124.1,14.00,2.74,15.5,164.8,103.8,17.5,-63.0,0.02,-63.0,0,0,0,1,0,0,0,0,0,0,0,0,19.11,100.3,
4.000,3316,40.0,0.0,43.51,151.7,14.00,2.73,15.4,164.8,103.8,17.5,-63.0,0.02,-63.0,0,0,0,1,0,0,0,0,0,0,0,0,19.11,100.1,
4.100,3331,40.0,0.0,42.26,158.6,14.00,2.73,14.9,164.8,103.7,18.0,-63.0,0.02,-63.0,0,0,0,1,0,0,0,0,0,0,0,0,19.11,100.2,
4.200,3338,40.0,0.0,40.27,-151.7,14.10,2.73,14.9,164.8,103.8,17.9,-63.0,0.02,-63.0,0,0,0,1,0,0,0,0,0,0,0,0,19.11,100.2,
4.300,3224,40.0,0.0,41.99,-124.1,14.10,2.73,14.9,164.8,103.8,17.9,-63.0,0.02,-63.0,0,0,0,1,0,0,0,0,0,0,0,0,19.11,100.2,
4.400,3205,40.0,0.0,44.06,165.5,14.10,2.73,14.9,164.8,103.8,18.0,-63.0,0.02,-63.0,0,0,0,1,0,0,0,0,0,0,0,0,19.11,100.2,
4.500,3319,40.0,0.0,42.26,96.5,14.10,2.74,14.9,164.8,103.7,17.8,-63.0,0.02,-63.0,0,0,0,1,0,0,0,0,0,0,0,0,19.11,100.2,
4.601,3291,40.0,0.0,40.54,-324.1,14.10,2.73,14.7,164.8,103.7,17.7,-63.0,0.02,-63.0,0,0,0,1,0,0,0,0,0,0,0,0,19.11,100.2,
4.700,3258,40.0,0.0,44.61,117.2,14.20,2.73,15.1,164.8,103.8,17.8,-63.0,0.02,-63.0,0,0,0,1,0,0,0,0,0,0,0,0,19.11,100.2,
4.801,3294,40.0,0.0,43.51,165.5,14.10,2.73,15.2,164.8,103.7,17.8,-63.0,0.02,-63.0,0,0,0,1,0,0,0,0,0,0,0,0,19.11,100.2,
4.900,3401,40.0,0.0,41.85,89.6,14.10,2.75,15.3,164.8,103.8,17.4,-63.0,0.02,-63.0,0,0,0,1,0,0,0,0,0,0,0,0,19.11,100.2,
5.000,3308,40.0,0.0,40.13,-296.5,14.10,2.73,14.9,164.8,103.7,18.0,-63.0,0.02,-63.0,0,0,0,1,0,0,0,0,0,0,0,0,19.11,100.2,
5.100,3321,40.0,0.0,43.51,27.6,14.20,2.73,15.3,164.8,103.8,17.6,-63.0,0.02,-63.0,0,0,0,1,0,0,0,0,0,0,0,0,19.11,100.2,
5.200,3263,40.0,0.0,43.78,158.6,14.20,2.72,15.1,164.8,103.8,17.7,-63.0,0.02,-63.0,0,0,0,1,0,0,0,0,0,0,0,0,19.11,100.2,
5.300,3313,40.0,0.0,42.40,131.0,14.20,2.72,14.8,164.8,103.7,18.1,-63.0,0.02,-63.0,0,0,0,1,0,0,0,0,0,0,0,0,19.11,100.2,
5.400,3311,40.0,0.0,40.13,-330.9,14.20,2.73,14.9,164.8,103.7,18.1,-63.0,0.02,-63.0,0,0,0,1,0,0,0,0,0,0,0,0,19.11,100.2,
5.500,3259,40.0,0.0,44.06,48.3,14.10,2.74,15.1,164.8,103.8,17.8,-63.0,0.02,-63.0,0,0,0,1,0,0,0,0,0,0,0,0,19.11,100.2,
5.600,3255,40.0,0.0,43.92,151.7,14.00,2.73,15.1,164.8,103.8,17.8,-63.0,0.02,-63.0,0,0,0,1,0,0,0,0,0,0,0,0,19.11,100.3,
5.700,3331,40.0,0.0,42.26,75.8,14.10,2.78,15.1,164.8,103.8,16.8,-63.0,0.02,-63.0,0,0,0,1,0,0,0,0,0,0,0,0,19.11,100.3,
5.801,3314,40.0,0.0,40.82,-324.1,14.20,2.78,15.1,164.8,103.8,16.9,-63.0,0.02,-63.0,0,0,0,1,0,0,0,0,0,0,0,0,19.11,100.3,
5.900,3273,40.0,0.0,44.61,117.2,14.10,2.72,15.1,164.8,103.8,17.8,-63.0,0.02,-63.0,0,0,0,1,0,0,0,0,0,0,0,0,19.11,100.3,
6.000,3344,40.0,0.0,43.78,165.5,14.10,2.73,15.5,164.8,103.8,17.4,-63.0,0.02,-63.0,0,0,0,1,0,0,0,0,0,0,0,0,19.11,100.3,
6.100,3339,40.0,0.0,42.13,82.7,14.20,2.72,14.8,164.8,103.7,17.8,-63.0,0.02,-63.0,0,0,0,1,0,0,0,0,0,0,0,0,19.11,100.3,
6.201,3323,40.0,0.0,40.68,-324.1,14.10,2.74,14.8,164.8,103.7,17.4,-63.0,0.02,-63.0,0,0,0,1,0,0,0,0,0,0,0,0,19.11,100.3,
6.300,3268,40.0,0.0,44.88,131.0,14.20,2.73,15.2,164.8,103.7,17.8,-63.0,0.02,-63.0,0,0,0,1,0,0,0,0,0,0,0,0,19.11,100.3,
6.400,3273,40.0,0.0,43.78,144.8,14.10,2.73,14.5,164.8,103.8,18.3,-63.0,0.02,-63.0,0,0,0,1,0,0,0,0,0,0,0,0,19.11,100.3,
6.500,3314,40.0,0.0,41.85,-68.9,14.20,2.73,14.9,164.8,103.8,18.0,-63.0,0.02,-63.0,0,0,0,1,0,0,0,0,0,0,0,0,19.11,100.3,
6.600,3240,40.0,0.0,42.40,-193.1,14.20,2.73,15.0,164.8,103.8,17.8,-63.0,0.02,-63.0,0,0,0,1,0,0,0,0,0,0,0,0,19.11,100.3,
6.700,3250,40.0,0.0,45.02,144.8,14.20,2.73,15.0,164.8,103.8,17.9,-63.0,0.02,-63.0,0,0,0,1,0,0,0,0,0,0,0,0,19.11,100.3,
6.800,3348,40.0,0.0,43.51,158.6,14.10,2.72,14.9,164.8,103.8,17.9,-63.0,0.02,-63.0,0,0,0,1,0,0,0,0,0,0,0,0,19.11,100.3,
6.900,3384,40.0,0.0,41.44,-131.0,14.20,2.72,14.9,164.8,103.8,17.9,-63.0,0.02,-63.0,0,0,0,1,0,0,0,0,0,0,0,0,19.11,100.3,
7.000,3307,40.0,0.0,41.44,-262.0,14.20,2.72,15.3,164.8,103.8,17.6,-63.0,0.02,-63.0,0,0,0,1,0,0,0,0,0,0,0,0,19.11,100.3,
7.100,3185,40.0,0.0,45.02,165.5,14.20,2.72,14.6,164.8,103.8,18.2,-63.0,0.02,-63.0,0,0,0,1,0,0,0,0,0,0,0,0,19.11,100.3,
7.200,3325,40.0,0.0,43.51,158.6,14.20,2.73,14.8,164.8,103.8,17.8,-63.0,0.02,-63.0,0,0,0,1,0,0,0,0,0,0,0,0,19.11,100.3,
7.300,3374,40.0,0.0,41.09,-234.4,14.20,2.73,15.0,164.8,103.8,17.8,-63.0,0.02,-63.0,0,0,0,1,0,0,0,0,0,0,0,0,19.11,100.3,
7.400,3360,40.0,0.0,41.30,-248.2,14.20,2.73,15.5,164.8,103.8,17.5,-63.0,0.02,-63.0,0,0,0,1,0,0,0,0,0,0,0,0,19.11,100.3,
7.500,3363,40.0,0.0,43.78,68.9,14.20,2.72,15.5,164.5,103.7,17.4,-63.0,0.02,-63.0,0,0,0,1,0,0,0,0,0,0,0,0,19.11,100.3,
7.600,3351,40.0,0.0,43.78,151.7,14.20,2.71,15.4,163.2,103.8,17.4,-63.0,0.02,-63.0,0,0,0,1,0,0,0,0,0,0,0,0,19.11,100.3,
7.700,3342,40.0,0.0,42.68,172.4,14.20,2.70,14.9,161.9,103.8,17.8,-63.0,0.02,-63.0,0,0,0,1,0,0,0,0,0,0,0,0,19.11,100.3,
7.800,3355,40.0,0.0,40.68,-179.3,14.20,2.68,14.6,160.6,103.8,17.9,-63.0,0.02,-63.0,0,0,0,1,0,0,0,0,0,0,0,0,19.11,100.3,
7.900,3312,40.0,0.0,41.85,-179.3,14.20,2.67,15.0,159.4,103.8,17.6,-63.0,0.02,-63.0,0,0,0,1,0,0,0,0,0,0,0,0,19.11,100.3,
8.000,3364,40.0,0.0,44.75,158.6,14.20,2.65,15.0,158.1,103.8,17.5,-63.0,0.02,-63.0,0,0,0,1,0,0,0,0,0,0,0,0,19.11,100.3,
8.106,3366,40.0,0.0,43.37,165.5,14.20,2.65,15.1,156.8,103.8,17.4,-63.0,0.02,-63.0,0,0,0,1,0,0,0,0,0,0,0,0,19.11,100.3,
8.201,3393,40.0,0.0,42.13,151.7,14.20,2.62,14.7,155.6,103.7,17.7,-63.0,0.02,-63.0,0,0,0,1,0,0,0,0,0,0,0,0,19.11,100.3,
8.301,3399,40.0,0.0,40.82,-110.3,14.20,2.62,14.7,154.3,103.8,17.6,-63.0,0.02,-63.0,0,0,0,1,0,0,0,0,0,0,0,0,19.11,100.3,
8.400,3219,40.0,0.0,41.85,-165.5,14.20,2.60,14.2,153.0,103.8,17.9,-63.0,0.02,-63.0,0,0,0,1,0,0,0,0,0,0,0,0,19.11,100.3,
8.500,3194,40.0,0.0,44.61,151.7,14.20,2.59,14.0,151.7,103.8,18.0,-63.0,0.02,-63.0,0,0,0,1,0,0,0,0,0,0,0,0,19.11,100.3,
8.600,3271,40.0,0.0,43.09,103.4,14.20,2.61,14.0,150.5,103.8,16.7,-63.0,0.02,-63.0,0,0,0,1,0,0,0,0,0,0,0,0,19.11,100.3,
8.700,3381,40.0,0.0,40.82,-317.2,14.20,2.59,14.3,149.2,103.8,17.1,-63.0,0.02,-63.0,0,0,0,1,0,0,0,0,0,0,0,0,19.11,100.3,
8.800,3330,40.0,0.0,43.64,-13.8,14.10,2.53,14.2,147.9,103.8,17.6,-63.0,0.02,-63.0,0,0,0,1,0,0,0,0,0,0,0,0,19.11,100.3,
8.900,3339,41.0,0.0,44.47,158.6,14.20,2.52,14.3,145.5,103.8,17.5,-63.0,0.02,-63.0,0,0,0,1,0,0,0,0,0,0,0,0,19.11,100.3,
9.000,3251,41.0,0.0,43.23,151.7,14.20,2.49,13.3,144.2,103.5,18.1,-63.0,0.02,-63.0,0,0,0,1,0,0,0,0,0,0,0,0,19.11,100.3,
9.100,3257,41.0,0.0,41.09,-289.6,14.20,2.48,13.4,142.9,103.5,17.5,-63.0,0.02,-63.0,0,0,0,1,0,0,0,0,0,0,0,0,19.11,100.3,
9.200,3178,41.0,0.0,45.16,62.1,14.20,2.47,13.4,141.7,103.5,17.9,-63.0,0.02,-63.0,0,0,0,1,0,0,0,0,0,0,0,0,19.11,100.3,
9.300,3239,41.0,0.0,44.75,158.6,14.10,2.46,13.1,140.4,103.5,18.2,-63.0,0.02,-63.0,0,0,0,1,0,0,0,0,0,0,0,0,19.11,100.2,
9.400,3260,41.0,0.0,42.13,-206.8,14.20,2.44,13.0,139.1,103.5,17.8,-63.0,0.02,-63.0,0,0,0,1,0,0,0,0,0,0,0,0,19.11,100.3,
9.500,3173,41.0,0.0,45.64,34.5,14.20,2.44,13.1,137.8,103.5,17.9,-63.0,0.02,-63.0,0,0,0,1,0,0,0,0,0,0,0,0,19.11,100.3,
9.601,3198,41.0,0.0,45.37,165.5,14.20,2.40,13.1,136.6,103.5,17.8,-63.0,0.02,-63.0,0,0,0,1,0,0,0,0,0,0,0,0,19.11,100.3,
9.700,3319,41.0,0.0,43.09,-34.5,14.10,2.39,12.9,135.3,103.5,18.0,-63.0,0.02,-63.0,0,0,0,1,0,0,0,0,0,0,0,0,19.11,100.3,
9.801,3358,41.0,0.0,41.71,-358.5,14.10,2.48,13.6,134.0,103.5,15.1,-63.0,0.02,-63.0,0,0,0,1,0,0,0,0,0,0,0,0,19.11,100.3,
9.900,3331,41.0,0.0,45.16,68.9,14.10,2.36,13.3,132.8,103.5,17.4,-63.0,0.02,-63.0,0,0,0,1,0,0,0,0,0,0,0,0,19.11,100.3,
10.000,3350,41.0,0.0,44.75,172.4,14.10,2.35,13.4,131.5,103.5,17.3,-63.0,0.02,-63.0,0,0,0,1,0,0,0,0,0,0,0,0,19.11,100.3,
10.100,3336,41.0,0.0,43.64,186.2,14.10,2.33,12.7,130.2,103.5,17.7,-63.0,0.02,-63.0,0,0,0,1,0,0,0,0,0,0,0,0,19.11,100.3,
10.200,3330,41.0,0.0,41.30,-248.2,14.10,2.32,12.6,128.9,103.5,17.7,-63.0,0.02,-63.0,0,0,0,1,0,0,0,0,0,0,0,0,19.11,100.3,
10.301,3286,41.0,0.0,43.23,-131.0,14.10,2.31,12.9,127.7,103.5,17.6,-63.0,0.02,-63.0,0,0,0,1,0,0,0,0,0,0,0,0,19.11,100.3,
10.400,3309,41.0,0.0,45.16,165.5,14.20,2.30,12.9,126.4,103.5,17.5,-63.0,0.02,-63.0,0,0,0,1,0,0,0,0,0,0,0,0,19.11,100.3,
10.500,3284,41.0,0.0,43.92,158.6,14.10,2.30,12.3,125.1,103.5,17.0,-63.0,0.02,-63.0,0,0,0,1,0,0,0,0,0,0,0,0,19.11,100.3,
10.600,3274,41.0,0.0,41.44,-296.5,14.20,2.27,12.1,123.8,103.5,17.0,-63.0,0.02,-63.0,0,0,0,1,0,0,0,0,0,0,0,0,19.11,100.3,
10.700,3238,41.0,0.0,45.16,34.5,14.20,2.25,12.3,122.6,103.5,17.7,-63.0,0.02,-63.0,0,0,0,1,0,0,0,0,0,0,0,0,19.11,100.3,
10.800,3245,41.0,0.0,45.16,151.7,14.20,2.25,12.5,121.3,103.5,17.6,-63.0,0.02,-63.0,0,0,0,1,0,0,0,0,0,0,0,0,19.11,100.3,
10.900,3314,41.0,0.0,43.37,68.9,14.10,2.27,12.3,120.0,103.5,15.3,-63.0,0.02,-63.0,0,0,0,1,0,0,0,0,0,0,0,0,19.11,100.3,
11.001,3302,41.0,0.0,41.85,-351.6,14.20,2.26,12.2,118.8,103.5,15.1,-63.0,0.02,-63.0,0,0,0,1,0,0,0,0,0,0,0,0,19.11,100.3,
11.100,3245,41.0,0.0,46.33,158.6,14.20,2.20,12.0,117.5,103.5,17.1,-63.0,0.02,-63.0,0,0,0,1,0,0,0,0,0,0,0,0,19.11,100.3,
11.200,3350,41.0,0.0,44.75,165.5,14.10,2.18,11.9,116.2,103.5,17.9,-63.0,0.02,-63.0,0,0,0,1,0,0,0,0,0,0,0,0,19.11,100.3,
11.300,3222,41.0,0.0,42.40,-158.6,14.20,2.16,11.7,114.9,103.5,18.0,-63.0,0.02,-63.0,0,0,0,1,0,0,0,0,0,0,0,0,19.11,100.3,
11.400,3169,41.0,0.0,45.78,34.5,14.20,2.15,11.6,113.7,103.5,17.9,-63.0,0.02,-63.0,0,0,0,1,0,0,0,0,0,0,0,0,19.11,100.3,
11.501,3191,41.0,0.0,45.78,172.4,14.20,2.12,11.6,112.4,103.5,17.8,-63.0,0.02,-63.0,0,0,0,1,0,0,0,0,0,0,0,0,19.11,100.3,
11.600,3062,41.0,0.0,42.54,-310.3,14.20,2.07,10.5,111.1,103.5,15.3,-63.0,0.02,-63.0,0,0,0,1,0,0,0,0,0,0,0,0,19.11,100.3,
11.700,2903,41.0,0.0,47.16,165.5,14.20,2.04,10.1,109.8,103.5,17.0,-63.0,0.02,-63.0,0,0,0,1,0,0,0,0,0,0,0,0,19.11,100.3,
11.801,3020,41.0,0.0,43.64,-324.1,14.20,1.98,9.7,108.6,103.5,14.2,-63.0,0.02,-63.0,0,0,0,1,0,0,0,0,0,0,0,0,19.11,100.3,
11.903,3014,41.0,0.0,46.75,158.6,14.20,1.97,9.6,107.3,103.5,14.5,-63.0,0.02,-63.0,0,0,0,1,0,0,0,0,0,0,0,0,19.11,100.3,
12.000,2882,41.0,0.0,44.61,-241.3,14.00,2.00,9.8,106.0,103.5,16.2,-63.0,0.02,-63.0,0,0,0,1,0,0,0,0,0,0,0,0,19.11,100.3,
12.100,2934,41.0,0.0,45.92,151.7,14.00,1.97,9.3,104.8,103.5,17.5,-63.0,0.02,-63.0,0,0,0,1,0,0,0,0,0,0,0,0,19.11,100.3,
12.200,2828,41.0,0.0,47.71,96.5,14.20,1.99,9.6,103.5,103.5,18.0,-63.0,0.02,-63.0,0,0,0,1,0,0,0,0,0,0,0,0,19.11,100.3,
12.300,2735,41.0,0.0,43.51,-317.2,14.20,1.94,8.9,102.2,103.5,17.7,-63.0,0.02,-63.0,0,0,0,1,0,0,0,0,0,0,0,0,19.11,100.3,
12.400,2764,41.0,0.0,47.02,165.5,14.20,1.96,9.0,100.9,103.5,19.0,-63.0,0.02,-63.0,0,0,0,1,0,0,0,0,0,0,0,0,19.11,100.3,
12.500,2634,41.0,0.0,48.81,144.8,14.20,1.91,8.5,100.0,103.5,19.0,-63.0,0.02,-63.0,0,0,0,1,0,0,0,0,0,0,0,0,19.11,100.3,
12.600,2600,41.0,0.0,48.81,-13.8,14.20,1.89,8.4,100.0,103.5,19.0,-63.0,0.02,-63.0,0,0,0,1,0,0,0,0,0,0,0,0,19.11,100.3,
12.701,2611,41.0,0.0,45.51,-344.7,14.20,1.89,8.1,100.0,103.6,20.6,-63.0,0.02,-63.0,0,0,0,1,0,0,0,0,0,0,0,0,19.11,100.3,
12.800,2634,41.0,0.0,47.44,0.0,14.20,1.92,8.2,100.0,103.6,21.2,-63.0,0.02,-63.0,0,0,0,1,0,0,0,0,0,0,0,0,19.11,100.3,
12.900,2642,41.0,0.0,49.09,137.9,14.10,1.88,7.9,100.0,103.6,21.1,-63.0,0.02,-63.0,0,0,0,1,0,0,0,0,0,0,0,0,19.11,100.3,
13.003,2576,41.0,0.0,50.68,137.9,14.20,1.89,8.3,100.0,103.6,19.2,-63.0,0.02,-63.0,0,0,0,1,0,0,0,0,0,0,0,0,19.11,100.3,
13.100,2603,41.0,0.0,51.78,144.8,14.20,1.88,8.4,100.0,103.6,18.5,-63.0,0.02,-63.0,0,0,0,1,0,0,0,0,0,0,0,0,19.11,100.3,
13.200,2549,41.0,0.0,51.09,-34.5,14.10,1.88,8.2,100.0,103.6,19.6,-63.0,0.02,-63.0,0,0,0,1,0,0,0,0,0,0,0,0,19.11,100.3,
13.300,2424,41.0,0.0,49.71,-234.4,14.20,1.88,7.7,100.0,103.6,21.7,-63.0,0.02,-63.0,0,0,0,1,0,0,0,0,0,0,0,0,19.11,100.3,
13.400,2594,41.0,0.0,47.57,-330.9,14.20,1.88,8.1,100.0,103.6,20.5,-63.0,0.02,-63.0,0,0,0,1,0,0,0,0,0,0,0,0,19.11,100.3,
13.500,2500,41.0,0.0,49.44,6.9,14.20,1.88,7.8,100.0,103.6,21.7,-63.0,0.02,-63.0,0,0,0,1,0,0,0,0,0,0,0,0,19.11,100.3,
13.600,2540,41.0,0.0,50.68,131.0,14.20,1.89,7.7,100.0,103.6,19.4,-63.0,0.02,-63.0,0,0,0,1,0,0,0,0,0,0,0,0,19.11,100.3,
13.700,2438,41.0,0.0,51.78,193.1,14.20,1.88,7.6,100.0,103.6,21.4,-63.0,0.02,-63.0,0,0,0,1,0,0,0,0,0,0,0,0,19.11,100.3,
13.800,2229,41.0,0.0,51.09,-48.3,14.20,1.88,6.8,100.0,103.6,21.7,-63.0,0.02,-63.0,0,0,0,1,0,0,0,0,0,0,0,0,19.11,100.3,
13.900,2065,41.0,0.0,54.74,-206.8,14.10,1.89,7.0,100.0,103.7,19.0,-63.0,0.02,-63.0,0,0,0,1,0,0,0,0,0,0,0,0,19.11,100.3,
14.000,2106,41.0,0.0,58.26,117.2,14.20,2.42,8.8,100.0,103.7,20.2,-63.0,0.02,-63.0,0,0,0,1,0,0,0,0,0,0,0,0,19.11,120.0,
14.100,1977,41.0,0.0,57.85,172.4,14.10,1.89,6.5,100.0,103.7,21.0,-63.0,0.02,-63.0,0,0,0,1,0,0,0,0,0,0,0,0,19.11,100.4,
14.200,2266,42.0,0.0,55.57,-82.7,14.20,1.94,6.9,100.0,103.7,19.7,-63.0,0.02,-63.0,0,0,0,1,0,0,0,0,0,0,0,0,19.11,100.4,
14.300,2614,42.0,0.0,55.30,20.7,14.20,1.89,7.8,100.0,103.5,16.9,-63.0,0.02,-63.0,0,0,0,1,0,0,0,0,0,0,0,0,19.11,100.4,
14.400,2419,42.0,0.0,55.02,144.8,14.10,2.23,9.0,100.0,103.5,18.8,-63.0,0.02,-63.0,0,0,0,1,0,0,0,0,0,0,0,0,19.11,100.4,
14.500,2487,42.0,0.0,55.02,172.4,14.10,1.88,7.7,100.0,103.5,15.2,-63.0,0.02,-63.0,0,0,0,1,0,0,0,0,0,0,0,0,19.11,100.4,
14.600,2537,42.0,0.0,55.02,144.8,14.20,1.88,7.7,100.0,103.5,20.3,-63.0,0.02,-63.0,0,0,0,1,0,0,0,0,0,0,0,0,19.11,100.4,
14.700,2039,42.0,0.0,54.19,48.3,14.10,1.90,6.7,100.0,103.5,21.0,-63.0,0.02,-63.0,0,0,0,1,0,0,0,0,0,0,0,0,19.11,100.4,
14.800,1940,42.0,0.0,60.47,62.1,14.00,2.40,8.2,100.0,103.4,21.9,-63.0,0.02,-63.0,0,0,0,1,0,0,0,0,0,0,0,0,19.11,100.4,
14.900,2108,42.0,0.0,60.19,137.9,14.20,1.96,6.3,100.0,103.5,21.6,-63.0,0.02,-63.0,0,0,0,1,0,0,0,0,0,0,0,0,19.11,100.4,
15.000,2296,42.0,0.0,58.67,206.8,14.20,2.32,8.1,100.0,103.5,21.5,-63.0,0.02,-63.0,0,0,0,1,0,0,0,0,0,0,0,0,19.11,100.4,
15.100,2635,42.0,0.0,57.64,186.2,14.20,2.20,8.8,100.0,103.5,18.4,-63.0,0.02,-63.0,0,0,0,1,0,0,0,0,0,0,0,0,19.11,100.4,
15.200,2724,42.0,0.0,57.09,131.0,14.20,1.93,9.2,100.0,103.5,15.6,-63.0,0.02,-63.0,0,0,0,1,0,0,0,0,0,0,0,0,19.11,100.4,
15.300,2550,42.0,0.0,55.02,-41.4,14.10,1.88,8.4,100.0,103.4,16.0,-63.0,0.02,-63.0,0,0,0,1,0,0,0,0,0,0,0,0,19.11,100.4,
15.400,2313,42.0,0.0,56.40,48.3,14.20,1.88,7.5,100.0,103.5,17.0,-63.0,0.02,-63.0,0,0,0,1,0,0,0,0,0,0,0,0,19.11,100.4,
15.500,2384,42.0,0.0,56.81,62.1,14.10,1.88,7.8,100.0,103.5,15.1,-63.0,0.02,-63.0,0,0,0,1,0,0,0,0,0,0,0,0,19.11,100.4,
15.600,2207,42.0,0.0,57.71,131.0,14.20,1.88,7.1,100.0,103.4,17.8,-63.0,0.02,-63.0,0,0,0,1,0,0,0,0,0,0,0,0,19.11,100.4,
15.700,2076,42.0,0.0,57.64,137.9,14.10,1.89,6.8,100.0,103.5,20.7,-63.0,0.02,-63.0,0,0,0,1,0,0,0,0,0,0,0,0,19.11,120.0,
15.800,2319,42.0,0.0,56.95,206.8,14.00,1.89,6.6,100.0,103.5,20.0,-63.0,0.02,-63.0,0,0,0,1,0,0,0,0,0,0,0,0,19.11,100.4,
15.900,2465,42.0,0.0,56.40,193.1,14.10,2.24,8.6,100.0,103.5,19.7,-63.0,0.02,-63.0,0,0,0,1,0,0,0,0,0,0,0,0,19.11,100.4,
16.000,2579,42.0,0.0,55.99,193.1,14.20,1.88,7.7,100.0,103.5,16.8,-63.0,0.02,-63.0,0,0,0,1,0,0,0,0,0,0,0,0,19.11,100.4,
16.100,2400,42.0,0.0,55.99,151.7,14.20,1.88,7.9,100.0,103.5,21.3,-63.0,0.02,-63.0,0,0,0,1,0,0,0,0,0,0,0,0,19.11,100.4,
16.201,2344,42.0,0.0,55.85,172.4,14.10,1.89,7.2,100.0,103.5,20.6,-63.0,0.02,-63.0,0,0,0,1,0,0,0,0,0,0,0,0,19.11,100.4,
16.300,2206,42.0,0.0,55.16,151.7,14.10,2.17,7.9,100.0,103.5,20.0,-63.0,0.02,-63.0,0,0,0,1,0,0,0,0,0,0,0,0,19.11,100.4,
16.403,2235,42.0,0.0,53.50,-441.3,14.20,2.44,8.5,100.0,103.5,21.8,-63.0,0.02,-63.0,0,0,0,1,0,0,0,0,0,0,0,0,19.11,100.4,
16.500,2018,42.0,0.0,61.02,144.8,14.20,2.34,8.0,100.0,103.5,21.6,-63.0,0.02,-63.0,0,0,0,1,0,0,0,0,0,0,0,0,19.11,100.4,
16.600,2383,42.0,0.0,59.92,124.1,14.20,2.46,9.9,100.0,103.5,21.3,-63.0,0.02,-63.0,0,0,0,1,0,0,0,0,0,0,0,0,19.11,100.4,
16.700,2694,42.0,0.0,54.19,-289.6,14.20,2.07,9.5,100.0,103.5,17.5,-63.0,0.02,-63.0,0,0,0,1,0,0,0,0,0,0,0,0,19.11,100.4,
16.800,2634,42.0,0.0,51.78,-62.1,14.20,1.88,8.4,100.0,103.4,19.2,-63.0,0.02,-63.0,0,0,0,1,0,0,0,0,0,0,0,0,19.11,100.4,
16.903,2528,42.0,0.0,53.02,172.4,14.20,1.89,7.8,100.0,103.4,16.0,-63.0,0.02,-63.0,0,0,0,1,0,0,0,0,0,0,0,0,19.11,100.4,
17.000,2351,42.0,0.0,53.64,199.9,14.10,1.89,7.6,100.0,103.5,18.2,-63.0,0.02,-63.0,0,0,0,1,0,0,0,0,0,0,0,0,19.11,100.4,
17.100,2355,42.0,0.0,53.16,6.9,14.20,1.89,7.0,100.0,103.5,21.1,-63.0,0.02,-63.0,0,0,0,1,0,0,0,0,0,0,0,0,19.11,100.4,
17.200,2248,42.0,0.0,52.06,-393.0,14.20,2.05,7.6,100.0,103.5,19.3,-63.0,0.02,-63.0,0,0,0,1,0,0,0,0,0,0,0,0,19.11,100.4,
17.300,2059,42.0,0.0,58.95,55.2,14.20,2.19,7.7,100.0,103.5,21.0,-63.0,0.02,-63.0,0,0,0,1,0,0,0,0,0,0,0,0,19.11,100.4,
17.400,2177,42.0,0.0,59.23,137.9,14.20,2.55,9.6,100.0,103.5,20.5,-63.0,0.02,-63.0,0,0,0,1,0,0,0,0,0,0,0,0,19.11,120.0,
17.500,2343,42.0,0.0,58.54,124.1,14.20,2.21,8.6,100.0,103.5,19.4,-63.0,0.02,-63.0,0,0,0,1,0,0,0,0,0,0,0,0,19.11,100.4,
17.600,2614,42.0,0.0,57.50,89.6,14.20,2.06,9.2,100.0,103.5,17.0,-63.0,0.02,-63.0,0,0,0,1,0,0,0,0,0,0,0,0,19.11,100.4,
17.700,2603,42.0,0.0,51.92,-372.3,14.20,1.88,8.5,100.0,103.5,16.2,-63.0,0.02,-63.0,0,0,0,1,0,0,0,0,0,0,0,0,19.11,100.4,
17.801,2500,42.0,0.0,50.54,-406.8,14.20,1.89,7.7,100.0,103.5,15.3,-63.0,0.02,-63.0,0,0,0,1,0,0,0,0,0,0,0,0,19.11,100.4,
17.901,2443,42.0,0.0,50.95,-393.0,14.20,1.88,7.3,100.0,103.5,16.5,-63.0,0.02,-63.0,0,0,0,1,0,0,0,0,0,0,0,0,19.11,100.4,
18.000,2285,42.0,0.0,51.92,-420.6,14.10,1.89,7.5,100.0,103.5,16.3,-63.0,0.02,-63.0,0,0,0,1,0,0,0,0,0,0,0,0,19.11,100.4,
18.100,2160,42.0,0.0,57.71,48.3,14.10,2.00,7.6,100.0,103.4,18.1,-63.0,0.02,-63.0,0,0,0,1,0,0,0,0,0,0,0,0,19.11,100.4,
18.200,2007,42.0,0.0,58.12,124.1,14.20,1.88,6.3,100.0,103.5,21.4,-63.0,0.02,-63.0,0,0,0,1,0,0,0,0,0,0,0,0,19.11,100.4,
18.300,2138,42.0,0.0,56.67,172.4,14.10,2.36,7.9,100.0,103.5,21.8,-63.0,0.02,-63.0,0,0,0,1,0,0,0,0,0,0,0,0,19.11,100.4,
18.400,2080,42.0,0.0,54.47,-489.5,14.20,2.38,8.3,100.0,103.5,21.7,-63.0,0.02,-63.0,0,0,0,1,0,0,0,0,0,0,0,0,19.11,100.5,
18.500,2585,42.0,0.0,52.88,-468.8,14.20,2.44,9.9,100.0,103.5,21.0,-63.0,0.02,-63.0,0,0,0,1,0,0,0,0,0,0,0,0,19.11,100.5,
18.600,2633,42.0,0.0,52.33,-262.0,14.20,1.88,7.5,100.0,103.5,16.3,-63.0,0.02,-63.0,0,0,0,1,0,0,0,0,0,0,0,0,19.11,100.5,
18.700,2575,42.0,0.0,52.47,62.1,14.20,1.97,8.1,100.0,103.5,15.3,-63.0,0.02,-63.0,0,0,0,1,0,0,0,0,0,0,0,0,19.11,100.5,
18.800,2411,42.0,0.0,52.19,68.9,14.20,1.88,7.3,100.0,103.4,21.6,-63.0,0.02,-63.0,0,0,0,1,0,0,0,0,0,0,0,0,19.11,100.5,
18.900,2262,42.0,0.0,51.23,-131.0,14.20,1.89,7.2,100.0,103.4,21.1,-63.0,0.02,-63.0,0,0,0,1,0,0,0,0,0,0,0,0,19.11,100.5,
19.000,1984,42.0,0.0,56.95,6.9,14.10,1.94,6.9,100.0,103.4,19.8,-63.0,0.02,-63.0,0,0,0,1,0,0,0,0,0,0,0,0,19.11,100.5,
19.100,2012,42.0,0.0,57.50,124.1,14.10,1.89,5.8,100.0,103.5,21.8,-63.0,0.02,-63.0,0,0,0,1,0,0,0,0,0,0,0,0,19.11,120.0,
19.200,2143,42.0,0.0,55.02,20.7,14.10,1.90,6.4,100.0,103.5,21.2,-63.0,0.02,-63.0,0,0,0,1,0,0,0,0,0,0,0,0,19.11,100.4,
19.301,2127,42.0,0.0,54.47,-413.7,14.20,2.22,8.1,100.0,103.5,20.5,-63.0,0.02,-63.0,0,0,0,1,0,0,0,0,0,0,0,0,19.11,100.4,
19.405,2282,42.0,0.0,56.26,-172.4,14.20,2.19,8.6,100.0,103.5,18.9,-63.0,0.02,-63.0,0,0,0,1,0,0,0,0,0,0,0,0,19.11,100.4,
19.500,2176,42.0,0.0,58.54,110.3,14.20,1.98,7.4,100.0,103.4,18.5,-63.0,0.02,-63.0,0,0,0,1,0,0,0,0,0,0,0,0,19.11,100.4,
19.600,2090,42.0,0.0,57.50,131.0,14.20,2.01,7.2,100.0,103.5,19.6,-63.0,0.02,-63.0,0,0,0,1,0,0,0,0,0,0,0,0,19.11,100.4,
19.700,2272,43.0,0.0,56.26,144.8,14.20,2.22,7.9,100.0,103.2,20.8,-63.0,0.02,-63.0,0,0,0,1,0,0,0,0,0,0,0,0,19.11,100.4,
19.800,2281,43.0,0.0,54.88,172.4,14.20,1.93,7.0,100.0,103.2,19.2,-63.0,0.02,-63.0,0,0,0,1,0,0,0,0,0,0,0,0,19.11,100.4,
19.900,2275,43.0,0.0,52.19,-337.8,14.20,1.93,6.8,100.0,103.2,19.8,-63.0,0.02,-63.0,0,0,0,1,0,0,0,0,0,0,0,0,19.11,100.4,
20.000,2057,43.0,0.0,57.71,-34.5,14.20,2.14,7.4,100.0,103.2,20.9,-63.0,0.02,-63.0,0,0,0,1,0,0,0,0,0,0,0,0,19.11,100.4,
20.101,2102,43.0,0.0,58.26,117.2,14.20,2.39,8.5,100.0,103.2,20.6,-63.0,0.02,-63.0,0,0,0,1,0,0,0,0,0,0,0,0,19.11,120.0,
20.201,2245,43.0,0.0,57.23,131.0,14.20,1.98,7.5,100.0,103.2,18.2,-63.0,0.02,-63.0,0,0,0,1,0,0,0,0,0,0,0,0,19.11,100.4,
20.301,2309,43.0,0.0,56.26,131.0,14.20,1.87,7.6,100.0,103.2,15.9,-63.0,0.02,-63.0,0,0,0,1,0,0,0,0,0,0,0,0,19.11,100.4,
20.400,2241,43.0,0.0,55.30,158.6,14.20,2.09,7.5,100.0,103.2,20.0,-63.0,0.02,-63.0,0,0,0,1,0,0,0,0,0,0,0,0,19.11,100.4,
20.500,2165,43.0,0.0,53.30,-68.9,14.20,1.87,6.4,100.0,103.2,21.1,-63.0,0.02,-63.0,0,0,0,1,0,0,0,0,0,0,0,0,19.11,100.4,
20.600,1887,43.0,0.0,59.64,89.6,14.10,2.47,8.1,100.0,103.2,21.8,-63.0,0.02,-63.0,0,0,0,1,0,0,0,0,0,0,0,0,19.11,120.0,
20.701,2138,43.0,0.0,58.40,137.9,14.20,2.17,8.1,100.0,103.2,19.8,-63.0,0.02,-63.0,0,0,0,1,0,0,0,0,0,0,0,0,19.11,100.4,
20.800,2270,43.0,0.0,56.81,165.5,14.20,1.89,6.7,100.0,103.2,20.5,-63.0,0.02,-63.0,0,0,0,1,0,0,0,0,0,0,0,0,19.11,100.4,
20.901,2350,43.0,0.0,55.57,179.3,14.10,1.87,7.2,100.0,103.2,17.6,-63.0,0.02,-63.0,0,0,0,1,0,0,0,0,0,0,0,0,19.11,100.4,
21.000,2331,43.0,0.0,54.05,110.3,14.20,2.15,8.0,100.0,103.2,19.6,-63.0,0.02,-63.0,0,0,0,1,0,0,0,0,0,0,0,0,19.11,100.4,
21.100,2329,43.0,0.0,52.06,-241.3,14.20,1.87,6.9,100.0,103.2,19.1,-63.0,0.02,-63.0,0,0,0,1,0,0,0,0,0,0,0,0,19.11,100.4,
21.200,2078,43.0,0.0,56.12,-124.1,14.20,1.90,7.0,100.0,103.2,18.3,-63.0,0.02,-63.0,0,0,0,1,0,0,0,0,0,0,0,0,19.11,100.4,
21.300,2024,43.0,0.0,58.12,124.1,14.20,2.12,7.6,100.0,103.2,20.3,-63.0,0.02,-63.0,0,0,0,1,0,0,0,0,0,0,0,0,19.11,100.4,
21.401,2083,43.0,0.0,56.81,213.7,14.10,1.96,6.3,100.0,103.2,21.5,-63.0,0.02,-63.0,0,0,0,1,0,0,0,0,0,0,0,0,19.11,120.0,
21.503,2254,43.0,0.0,53.64,-455.1,14.20,2.44,8.4,100.0,103.2,21.8,-63.0,0.02,-63.0,0,0,0,1,0,0,0,0,0,0,0,0,19.11,100.4,
21.603,2343,43.0,0.0,53.50,-427.5,14.20,2.11,8.3,100.0,103.2,18.1,-63.0,0.02,-63.0,0,0,0,1,0,0,0,0,0,0,0,0,19.11,100.4,
21.700,2524,43.0,0.0,51.23,-365.4,14.20,1.87,7.7,100.0,103.2,15.1,-63.0,0.02,-63.0,0,0,0,1,0,0,0,0,0,0,0,0,19.11,100.4,
21.801,2354,43.0,0.0,50.68,-434.4,14.20,1.90,7.3,100.0,103.2,17.1,-63.0,0.02,-63.0,0,0,0,1,0,0,0,0,0,0,0,0,19.11,100.4,
21.900,2127,43.0,0.0,55.30,-103.4,14.20,1.87,6.8,100.0,103.2,18.6,-63.0,0.02,-63.0,0,0,0,1,0,0,0,0,0,0,0,0,19.11,100.4,
22.000,1945,43.0,0.0,57.50,144.8,14.20,1.99,6.6,100.0,103.2,21.6,-63.0,0.02,-63.0,0,0,0,1,0,0,0,0,0,0,0,0,19.11,100.4,
22.100,2119,43.0,0.0,56.26,186.2,14.00,1.87,6.5,100.0,103.2,21.0,-63.0,0.02,-63.0,0,0,0,1,0,0,0,0,0,0,0,0,19.11,100.4,
22.200,1748,43.0,0.0,59.92,-20.7,14.20,2.66,7.9,100.0,103.2,22.2,-63.0,0.02,-63.0,0,0,0,1,0,0,0,0,0,0,0,0,19.11,120.1,
22.300,2155,43.0,0.0,59.78,124.1,14.20,2.39,8.7,100.0,103.2,21.4,-63.0,0.02,-63.0,0,0,0,1,0,0,0,0,0,0,0,0,19.11,100.4,
22.400,2513,43.0,0.0,58.26,110.3,14.20,2.18,9.3,100.0,103.2,17.9,-63.0,0.02,-63.0,0,0,0,1,0,0,0,0,0,0,0,0,19.11,100.4,
22.500,2690,43.0,0.0,54.19,-131.0,14.30,1.87,8.7,100.0,103.2,15.6,-63.0,0.02,-63.0,0,0,0,1,0,0,0,0,0,0,0,0,19.11,100.4,
22.601,2587,43.0,0.0,49.37,-413.7,14.20,1.88,7.8,100.0,103.2,16.5,-63.0,0.02,-63.0,0,0,0,1,0,0,0,0,0,0,0,0,19.11,100.4,
22.700,2487,43.0,0.0,49.37,-255.1,14.20,1.87,7.6,100.0,103.2,21.1,-63.0,0.02,-63.0,0,0,0,1,0,0,0,0,0,0,0,0,19.11,100.4,
22.800,2493,43.0,0.0,49.99,-13.8,14.20,1.87,7.6,100.0,103.2,21.6,-63.0,0.02,-63.0,0,0,0,1,0,0,0,0,0,0,0,0,19.11,100.4,
22.900,2404,43.0,0.0,49.44,-165.5,14.20,1.87,7.1,100.0,103.2,21.6,-63.0,0.02,-63.0,0,0,0,1,0,0,0,0,0,0,0,0,19.11,100.4,
23.005,2420,43.0,0.0,49.57,-131.0,14.20,1.87,7.4,100.0,103.2,21.6,-63.0,0.02,-63.0,0,0,0,1,0,0,0,0,0,0,0,0,19.11,100.4,
23.100,2207,43.0,0.0,49.23,-317.2,14.20,1.87,7.2,100.0,103.2,20.4,-63.0,0.02,-63.0,0,0,0,1,0,0,0,0,0,0,0,0,19.11,100.4,
23.200,2298,43.0,0.0,50.26,-365.4,14.20,1.87,7.4,100.0,103.2,19.6,-63.0,0.02,-63.0,0,0,0,1,0,0,0,0,0,0,0,0,19.11,100.4,
23.300,2163,43.0,0.0,54.88,-13.8,14.20,1.87,6.9,100.0,103.2,19.6,-63.0,0.02,-63.0,0,0,0,1,0,0,0,0,0,0,0,0,19.11,100.4,
23.400,2248,43.0,0.0,55.99,110.3,14.20,1.87,7.3,100.0,103.2,19.1,-63.0,0.02,-63.0,0,0,0,1,0,0,0,0,0,0,0,0,19.11,100.4,
23.501,2163,44.0,0.0,55.57,131.0,14.20,1.87,7.2,100.0,102.9,18.4,-63.0,0.02,-63.0,0,0,0,1,0,0,0,0,0,0,0,0,19.11,100.4,
23.600,2263,44.0,0.0,55.02,151.7,14.20,1.91,6.5,100.0,103.0,20.6,-63.0,0.02,-63.0,0,0,0,1,0,0,0,0,0,0,0,0,19.11,100.4,
23.700,2038,44.0,0.0,52.88,-20.7,14.20,1.88,6.5,100.0,103.0,21.2,-63.0,0.02,-63.0,0,0,0,1,0,0,0,0,0,0,0,0,19.11,100.4,
23.800,1972,44.0,0.0,58.67,55.2,14.20,2.41,8.3,100.0,102.9,21.2,-63.0,0.02,-63.0,0,0,0,1,0,0,0,0,0,0,0,0,19.11,120.0,
23.900,2019,44.0,0.0,58.26,131.0,14.10,1.89,6.2,100.0,103.0,21.3,-63.0,0.02,-63.0,0,0,0,1,0,0,0,0,0,0,0,0,19.11,100.4,
24.000,2116,44.0,0.0,56.40,186.2,14.20,2.12,7.4,100.0,103.0,20.7,-63.0,0.02,-63.0,0,0,0,1,0,0,0,0,0,0,0,0,19.11,100.4,
24.100,2412,44.0,0.0,54.33,-41.4,14.20,1.87,7.1,100.0,103.0,18.8,-63.0,0.02,-63.0,0,0,0,1,0,0,0,0,0,0,0,0,19.11,100.4,
24.200,2461,44.0,0.0,53.50,27.6,14.20,1.87,7.5,100.0,103.0,20.5,-63.0,0.02,-63.0,0,0,0,1,0,0,0,0,0,0,0,0,19.11,100.4,
24.301,2129,44.0,0.0,52.06,-434.4,14.20,2.01,7.6,100.0,102.9,18.3,-63.0,0.02,-63.0,0,0,0,1,0,0,0,0,0,0,0,0,19.11,100.4,
24.400,2003,44.0,0.0,58.81,110.3,14.10,2.09,7.3,100.0,103.0,20.6,-63.0,0.02,-63.0,0,0,0,1,0,0,0,0,0,0,0,0,19.11,100.4,
24.503,2224,44.0,0.0,57.64,144.8,14.20,2.02,7.7,100.0,103.0,18.1,-63.0,0.02,-63.0,0,0,0,1,0,0,0,0,0,0,0,0,19.11,100.4,
24.600,2298,44.0,0.0,56.40,131.0,14.10,2.12,8.0,100.0,103.0,19.1,-63.0,0.02,-63.0,0,0,0,1,0,0,0,0,0,0,0,0,19.11,100.4,
24.700,2265,44.0,0.0,55.30,199.9,14.20,1.87,6.8,100.0,103.0,18.9,-63.0,0.02,-63.0,0,0,0,1,0,0,0,0,0,0,0,0,19.11,100.4,
24.800,2132,44.0,0.0,53.16,-103.4,14.20,1.87,6.9,100.0,103.0,19.7,-63.0,0.02,-63.0,0,0,0,1,0,0,0,0,0,0,0,0,19.11,100.4,
24.900,2234,44.0,0.0,53.02,-427.5,14.20,2.03,7.8,100.0,103.0,18.1,-63.0,0.02,-63.0,0,0,0,1,0,0,0,0,0,0,0,0,19.11,100.4,
25.000,2190,44.0,0.0,71.02,110.3,14.20,2.94,11.3,100.0,103.0,29.2,-63.0,0.02,-63.0,0,0,0,1,0,0,0,0,0,0,0,0,19.11,120.6,
25.100,2074,44.0,0.0,94.53,282.7,14.20,5.19,17.6,100.0,103.3,25.3,-63.0,0.02,-63.0,0,0,0,1,0,0,0,0,0,0,0,0,19.11,120.3,
25.200,3655,44.0,0.0,88.80,-379.2,14.30,3.65,19.4,100.0,103.4,32.2,-63.0,0.02,-63.0,0,0,0,1,0,0,0,0,0,0,0,0,19.11,100.3,
25.300,4965,44.0,0.0,91.77,-110.3,14.30,3.59,29.4,100.0,103.5,38.0,-63.0,0.02,-63.0,0,0,0,1,0,0,0,0,0,0,0,0,19.11,120.8,
25.400,7096,44.0,0.0,90.80,13.8,14.30,3.80,43.2,100.0,103.4,39.5,-63.0,0.02,-63.0,0,0,0,1,0,0,0,0,0,0,0,0,19.11,100.3,
25.503,9386,44.0,0.0,85.15,-13.8,14.20,5.10,77.9,100.0,103.4,42.0,-63.0,0.02,-63.0,0,0,0,1,0,0,0,0,0,0,0,0,19.11,100.6,
25.601,10536,44.0,0.0,84.46,-48.3,14.30,0.00,92.7,100.0,103.4,43.6,-63.0,0.02,-63.0,0,0,0,1,0,0,0,0,0,0,0,0,19.11,100.1,
25.701,10744,44.0,0.0,87.15,337.8,14.30,0.00,89.3,100.0,103.3,43.5,-63.0,0.02,-63.0,0,0,0,1,0,0,0,0,0,0,0,0,19.11,120.5,
25.800,10171,44.0,0.0,87.29,-131.0,14.30,6.43,95.0,100.0,103.4,42.7,-63.0,0.02,-63.0,0,0,0,1,0,0,0,0,0,0,1,0,19.11,120.5,
25.903,10053,44.0,0.0,88.11,268.9,14.30,6.24,95.0,100.0,103.4,42.7,-63.0,0.02,-63.0,0,0,0,1,0,0,0,0,0,0,1,0,19.11,120.2,
26.001,10361,44.0,0.0,91.08,606.7,14.30,0.00,89.5,100.0,103.3,43.3,-63.0,0.02,-63.0,0,0,0,1,0,0,0,0,0,0,0,0,19.11,121.7,
26.101,10770,45.0,0.0,83.63,-220.6,14.30,0.00,95.0,100.0,103.1,43.6,-63.0,0.02,-63.0,0,0,0,1,0,0,0,0,0,0,1,0,19.11,100.1,
26.200,9887,45.0,0.0,88.39,199.9,14.30,5.38,89.1,100.0,103.1,42.6,-63.0,0.02,-63.0,0,0,0,1,0,0,0,0,0,0,0,0,19.11,100.3,
26.303,10395,45.0,0.0,85.15,-317.2,14.40,0.00,95.0,100.0,103.2,42.8,-63.0,0.02,-63.0,0,0,0,1,0,0,0,0,0,0,1,0,19.11,100.2,
26.403,10770,45.0,0.0,83.63,-151.7,14.30,0.00,94.6,100.0,103.1,43.4,-63.0,0.02,-63.0,0,0,0,1,0,0,0,0,0,0,0,0,19.11,100.2,
26.500,9883,45.0,0.0,89.77,27.6,14.30,6.57,95.0,100.0,103.2,42.2,-63.0,0.02,-63.0,0,0,0,1,0,0,0,0,0,0,1,0,19.11,122.2,
26.601,10148,45.0,0.0,89.22,406.8,14.30,5.20,88.7,100.0,103.0,42.8,-63.0,0.02,-63.0,0,0,0,1,0,0,0,0,0,0,0,0,19.11,120.8,
26.701,10548,45.0,0.0,89.77,496.4,14.30,0.00,95.0,100.0,103.1,43.1,-63.0,0.02,-63.0,0,0,0,1,0,0,0,0,0,0,1,0,19.11,121.2,
26.803,10919,45.0,0.0,82.05,-282.7,14.30,0.00,95.0,100.0,103.1,43.4,-63.0,0.02,-63.0,0,0,0,1,0,0,0,0,0,0,1,0,19.11,100.2,
26.901,9874,45.0,0.0,85.01,-103.4,14.30,5.42,89.1,100.0,103.1,42.1,-63.0,0.02,-63.0,0,0,0,1,0,0,0,0,0,0,0,0,19.11,100.1,
27.000,10220,46.0,0.0,61.57,-441.3,14.30,0.00,70.0,100.0,102.8,43.8,-63.0,0.02,-63.0,0,0,0,1,0,0,0,0,0,0,0,0,19.11,100.6,
27.100,10314,46.0,0.0,27.65,-393.0,14.30,3.08,53.2,100.0,102.3,26.4,-63.0,0.02,-63.0,0,0,0,1,0,0,0,0,0,0,0,0,19.11,100.7,
27.200,9363,46.0,0.0,15.86,110.3,14.30,2.64,41.5,100.0,102.0,28.3,-63.0,0.02,-63.0,0,0,0,1,0,0,0,0,0,0,0,0,19.11,100.7,
27.300,8372,46.0,0.0,10.27,55.2,14.30,2.30,32.4,100.0,102.0,17.9,-63.0,0.02,-63.0,0,0,0,1,0,0,0,0,0,0,0,0,19.11,100.7,
27.400,7440,46.0,0.0,8.34,-20.7,14.30,1.90,23.8,100.0,102.0,17.9,-63.0,0.02,-63.0,0,0,0,1,0,0,0,0,0,0,0,0,19.11,120.1,
27.500,6578,46.0,0.0,8.34,-6.9,14.30,1.87,20.8,100.0,102.0,17.9,-63.0,0.02,-63.0,0,0,0,1,0,0,0,0,0,0,0,0,19.11,120.1,
27.603,5677,46.0,0.0,11.38,20.7,14.30,1.86,17.8,100.0,102.0,19.5,-63.0,0.02,-63.0,0,0,0,1,0,0,0,0,0,0,0,0,19.11,120.1,
27.700,4905,46.0,0.0,15.44,62.1,14.30,1.86,15.5,100.0,102.0,22.6,-63.0,0.02,-63.0,0,0,0,1,0,0,0,0,0,0,0,0,19.11,120.1,
27.800,4115,46.0,0.0,18.13,124.1,14.20,1.92,13.6,100.0,102.1,24.5,-63.0,0.02,-63.0,0,0,0,1,0,0,0,0,0,0,0,0,19.11,120.1,
27.900,3457,46.0,0.0,21.37,151.7,14.20,1.85,10.9,100.0,102.1,26.5,-63.0,0.02,-63.0,0,0,0,1,0,0,0,0,0,0,0,0,19.11,120.1,
28.004,2822,46.0,0.0,26.41,13.8,14.20,1.84,9.0,100.0,102.1,26.1,-63.0,0.02,-63.0,0,0,0,1,0,0,0,0,0,0,0,0,19.11,120.1,
28.100,2436,46.0,0.0,29.23,-186.2,14.20,1.83,7.8,100.0,102.2,22.2,-63.0,0.02,-63.0,0,0,0,1,0,0,0,0,0,0,0,0,19.11,120.1,
28.200,2218,46.0,0.0,35.92,27.6,14.20,1.99,7.6,100.0,102.3,21.9,-63.0,0.02,-63.0,0,0,0,1,0,0,0,0,0,0,0,0,19.11,120.1,
28.300,2206,46.0,0.0,39.99,110.3,14.20,2.06,7.7,100.0,102.3,21.7,-63.0,0.02,-63.0,0,0,0,1,0,0,0,0,0,0,0,0,19.11,120.1,
28.400,2317,47.0,0.0,42.13,103.4,14.20,2.08,8.1,100.0,102.3,21.6,-63.0,0.02,-63.0,0,0,0,1,0,0,0,0,0,0,0,0,19.11,120.1,
28.500,2432,47.0,0.0,44.06,124.1,14.20,2.07,8.6,100.0,102.2,21.3,-63.0,0.02,-63.0,0,0,0,1,0,0,0,0,0,0,0,0,19.11,120.1,
28.600,2586,47.0,0.0,44.61,34.5,14.20,2.06,8.9,100.0,102.2,20.7,-63.0,0.02,-63.0,0,0,0,1,0,0,0,0,0,0,0,0,19.11,120.1,
28.700,2962,47.0,0.0,40.82,-199.9,14.20,2.03,9.6,100.0,102.2,19.3,-63.0,0.02,-63.0,0,0,0,1,0,0,0,0,0,0,0,0,19.11,120.1,
28.800,2877,47.0,0.0,43.23,131.0,14.20,2.03,9.8,100.0,102.2,18.8,-63.0,0.02,-63.0,0,0,0,1,0,0,0,0,0,0,0,0,19.11,120.1,
28.904,2928,47.0,0.0,39.71,-310.3,14.20,2.01,9.8,100.0,102.1,18.9,-63.0,0.02,-63.0,0,0,0,1,0,0,0,0,0,0,0,0,19.11,120.1,
29.000,2969,47.0,0.0,41.99,137.9,14.20,1.97,9.6,100.0,102.2,19.3,-63.0,0.02,-63.0,0,0,0,1,0,0,0,0,0,0,0,0,19.11,120.1,
29.100,2894,47.0,0.0,41.44,-117.2,14.20,2.00,9.8,100.0,102.1,18.8,-63.0,0.02,-63.0,0,0,0,1,0,0,0,0,0,0,0,0,19.11,120.1,
29.200,2885,47.0,0.0,41.30,137.9,14.20,1.98,9.6,100.0,102.1,19.1,-63.0,0.02,-63.0,0,0,0,1,0,0,0,0,0,0,0,0,19.11,100.2,
29.300,2679,47.0,0.0,43.37,131.0,14.20,1.99,9.2,100.0,102.1,19.8,-63.0,0.02,-63.0,0,0,0,1,0,0,0,0,0,0,0,0,19.11,100.2,
29.400,2720,47.0,0.0,43.64,0.0,14.20,1.99,9.2,100.0,102.1,19.8,-63.0,0.02,-63.0,0,0,0,1,0,0,0,0,0,0,0,0,19.11,100.2,
29.500,2793,47.0,0.0,41.44,-48.3,14.20,1.99,9.2,100.0,102.2,19.6,-63.0,0.02,-63.0,0,0,0,1,0,0,0,0,0,0,0,0,19.11,100.2,
29.601,2797,47.0,0.0,43.64,137.9,14.20,1.99,9.4,100.0,102.2,19.3,-63.0,0.02,-63.0,0,0,0,1,0,0,0,0,0,0,0,0,19.11,100.2,
29.700,2820,47.0,0.0,41.99,-172.4,14.20,1.99,9.5,100.0,102.1,19.3,-63.0,0.02,-63.0,0,0,0,1,0,0,0,0,0,0,0,0,19.11,100.2,
29.800,2901,47.0,0.0,42.40,158.6,14.30,1.99,9.5,100.0,102.2,19.0,-63.0,0.02,-63.0,0,0,0,1,0,0,0,0,0,0,0,0,19.11,100.2,
29.900,2902,47.0,0.0,43.78,75.8,14.20,1.99,9.8,100.0,102.2,18.5,-63.0,0.02,-63.0,0,0,0,1,0,0,0,0,0,0,0,0,19.11,100.2,
30.000,2940,47.0,0.0,40.95,-41.4,14.20,1.99,9.6,100.0,102.2,18.9,-63.0,0.02,-63.0,0,0,0,1,0,0,0,0,0,0,0,0,19.11,100.3,
30.100,2878,47.0,0.0,43.51,137.9,14.20,1.99,9.7,100.0,102.2,18.7,-63.0,0.02,-63.0,0,0,0,1,0,0,0,0,0,0,0,0,19.11,100.3,
30.200,2929,47.0,0.0,39.99,-289.6,14.20,1.99,9.5,100.0,102.2,19.1,-63.0,0.02,-63.0,0,0,0,1,0,0,0,0,0,0,0,0,19.11,100.3,
30.303,2910,47.0,0.0,46.88,255.1,14.20,1.99,9.9,100.0,102.2,18.4,-63.0,0.02,-63.0,0,0,0,1,0,0,0,0,0,0,0,0,19.11,120.2,
30.400,2797,47.0,0.0,66.40,151.7,14.20,2.51,12.3,100.0,102.2,27.3,-63.0,0.02,-63.0,0,0,0,1,0,0,0,0,0,0,0,0,19.11,121.0,
30.500,2323,47.0,0.0,88.67,-262.0,14.20,4.77,19.4,100.0,102.4,30.6,-63.0,0.02,-63.0,0,0,0,1,0,0,0,0,0,0,0,0,19.11,100.1,
30.601,3526,47.0,0.0,93.15,427.5,14.20,4.18,21.3,100.0,102.6,31.5,-63.0,0.02,-63.0,0,0,0,1,0,0,0,0,0,0,0,0,19.11,120.9,
30.700,5225,47.0,0.0,87.15,-544.7,14.20,4.35,35.4,100.0,102.6,37.4,-63.0,0.02,-63.0,0,0,0,1,0,0,0,0,0,0,0,0,19.11,100.5,
30.803,7147,47.0,0.0,88.25,-34.5,14.30,4.50,53.1,100.0,102.6,38.5,-63.0,0.02,-63.0,0,0,0,1,0,0,0,0,0,0,0,0,19.11,120.3,
30.903,9445,47.0,0.0,83.50,-358.5,14.20,5.36,83.7,100.0,102.5,41.4,-63.0,0.02,-63.0,0,0,0,1,0,0,0,0,0,0,0,0,19.11,100.3,
31.001,10477,47.0,0.0,86.60,544.7,14.30,0.00,87.1,100.0,102.5,43.1,-63.0,0.02,-63.0,0,0,0,1,0,0,0,0,0,0,0,0,19.11,121.5,
31.100,10643,47.0,0.0,81.77,-386.1,14.30,0.00,95.0,100.0,102.5,42.7,-63.0,0.02,-63.0,0,0,0,1,0,0,0,0,0,0,1,0,19.11,100.3,
31.201,10197,48.0,0.0,86.39,227.5,14.30,5.15,85.8,100.0,102.2,42.1,-63.0,0.02,-63.0,0,0,0,1,0,0,0,0,0,0,0,0,19.11,120.0,
31.303,10162,48.0,0.0,84.87,62.1,14.30,6.06,95.0,100.0,102.2,42.4,-63.0,0.02,-63.0,0,0,0,1,0,0,0,0,0,0,1,0,19.11,120.3,
31.404,10516,48.0,0.0,87.43,-172.4,14.30,0.00,95.0,100.0,102.3,42.5,-63.0,0.02,-63.0,0,0,0,1,0,0,0,0,0,0,1,0,19.11,121.5,
31.501,10477,48.0,0.0,91.08,868.7,14.30,5.06,86.9,100.0,102.2,42.6,-63.0,0.02,-63.0,0,0,0,1,0,0,0,0,0,0,0,0,19.11,122.9,
31.600,10073,48.0,0.0,85.98,-227.5,14.30,6.46,95.0,100.0,102.2,42.4,-63.0,0.02,-63.0,0,0,0,1,0,0,0,0,0,0,1,0,19.11,100.1,
31.703,10504,48.0,0.0,78.88,-351.6,14.30,0.00,95.0,100.0,102.2,42.9,-63.0,0.02,-63.0,0,0,0,1,0,0,0,0,0,0,1,0,19.11,100.3,
31.801,10959,48.0,0.0,88.53,310.3,14.30,0.00,93.3,100.0,102.3,43.2,-63.0,0.02,-63.0,0,0,0,1,0,0,0,0,0,0,0,0,19.11,120.4,
31.900,9879,48.0,0.0,89.63,158.6,14.30,6.40,95.0,100.0,102.3,41.9,-63.0,0.02,-63.0,0,0,0,1,0,0,0,0,0,0,1,0,19.11,121.9,
32.000,10311,48.0,0.0,84.87,-89.6,14.30,0.00,92.7,100.0,102.3,42.3,-63.0,0.02,-63.0,0,0,0,1,0,0,0,0,0,0,0,0,19.11,100.1,
32.103,10864,48.0,0.0,83.50,-441.3,14.30,0.00,95.0,100.0,102.3,43.5,-63.0,0.02,-63.0,0,0,0,1,0,0,0,0,0,0,1,0,19.11,100.4,
32.201,10187,48.0,0.0,83.36,-289.6,14.30,6.34,95.0,100.0,102.3,42.0,-63.0,0.02,-63.0,0,0,0,1,0,0,0,0,0,0,1,0,19.11,100.2,
32.301,10241,48.0,0.0,68.88,248.2,14.30,0.00,70.0,100.0,102.2,43.2,-63.0,0.02,-63.0,0,0,0,1,0,0,0,0,0,0,0,0,19.11,120.1,
32.400,10573,48.0,0.0,53.02,144.8,14.30,0.00,68.0,100.0,102.0,39.4,-63.0,0.02,-63.0,0,0,0,1,0,0,0,0,0,0,0,0,19.11,100.4,
32.501,10259,48.0,0.0,48.54,461.9,14.30,3.60,61.0,100.0,102.0,37.9,-63.0,0.02,-63.0,0,0,0,1,0,0,0,0,0,0,0,0,19.11,121.1,
32.603,9980,48.0,0.0,39.71,-324.1,14.30,4.26,71.2,100.0,101.9,38.6,-63.0,0.02,-63.0,0,0,0,1,0,0,0,0,0,0,0,0,19.11,100.2,
32.703,10419,48.0,0.0,28.34,-510.2,14.30,3.19,55.5,100.0,101.8,29.6,-63.0,0.02,-63.0,0,0,0,1,0,0,0,0,0,0,0,0,19.11,100.5,
32.800,9704,48.0,0.0,21.10,-144.8,14.30,3.13,50.9,100.0,101.7,26.2,-63.0,0.02,-63.0,0,0,0,1,0,0,0,0,0,0,0,0,19.11,100.3,
32.901,8704,48.0,0.0,12.07,-186.2,14.30,2.61,38.1,100.0,101.6,27.3,-63.0,0.02,-63.0,0,0,0,1,0,0,0,0,0,0,0,0,19.11,100.3,
33.000,7816,48.0,0.0,8.14,-131.0,14.30,2.24,29.5,100.0,101.6,17.6,-63.0,0.02,-63.0,0,0,0,1,0,0,0,0,0,0,0,0,19.11,100.3,
33.100,6933,48.0,0.0,9.86,62.1,14.30,1.72,20.1,100.0,101.6,17.8,-63.0,0.02,-63.0,0,0,0,1,0,0,0,0,0,0,0,0,19.11,100.3,
33.200,6087,48.0,0.0,11.79,199.9,14.30,1.72,17.7,100.0,101.6,17.6,-63.0,0.02,-63.0,0,0,0,1,0,0,0,0,0,0,0,0,19.11,100.3,
33.300,5277,48.0,0.0,13.38,34.5,14.30,1.72,15.4,100.0,101.6,22.8,-63.0,0.01,-63.0,0,0,0,1,0,0,0,0,0,0,0,0,19.11,100.3,
33.400,4468,48.0,0.0,16.13,27.6,14.20,1.72,13.2,100.0,101.6,22.5,-63.0,0.02,-63.0,0,0,0,1,0,0,0,0,0,0,0,0,19.11,100.3,
33.501,3749,48.0,0.0,19.51,131.0,14.30,1.73,11.1,100.0,101.7,26.3,-63.0,0.02,-63.0,0,0,0,1,0,0,0,0,0,0,0,0,19.11,100.3,
33.600,3242,48.0,0.0,23.03,131.0,14.20,1.73,9.8,100.0,101.7,26.2,-63.0,0.02,-63.0,0,0,0,1,0,0,0,0,0,0,0,0,19.11,100.3,
33.700,2792,48.0,0.0,27.37,27.6,14.20,1.73,8.3,100.0,101.7,24.8,-63.0,0.02,-63.0,0,0,0,1,0,0,0,0,0,0,0,0,19.11,100.3,
33.803,2476,48.0,0.0,28.48,-213.7,14.20,1.81,7.6,100.0,101.8,21.7,-63.0,0.02,-63.0,0,0,0,1,0,0,0,0,0,0,0,0,19.11,100.3,
33.900,2278,48.0,0.0,32.68,-213.7,14.20,1.85,7.2,100.0,101.8,21.7,-63.0,0.02,-63.0,0,0,0,1,0,0,0,0,0,0,0,0,19.11,100.3,
34.000,2290,48.0,0.0,37.51,-20.7,14.10,1.90,7.5,100.0,101.8,21.6,-63.0,0.02,-63.0,0,0,0,1,0,0,0,0,0,0,0,0,19.11,100.3,
34.100,2349,48.0,0.0,40.82,55.2,14.20,1.94,7.7,100.0,101.8,21.4,-63.0,0.02,-63.0,0,0,0,1,0,0,0,0,0,0,0,0,19.11,100.3,
34.200,2389,48.0,0.0,41.85,0.0,14.20,1.98,8.0,100.0,101.9,21.3,-63.0,0.02,-63.0,0,0,0,1,0,0,0,0,0,0,0,0,19.11,100.3,
34.303,2509,48.0,0.0,40.27,-262.0,14.20,1.98,8.4,100.0,101.9,20.8,-63.0,0.02,-63.0,0,0,0,1,0,0,0,0,0,0,0,0,19.11,100.3,
34.400,2753,48.0,0.0,40.13,-103.4,14.20,1.98,8.7,100.0,101.9,20.2,-63.0,0.02,-63.0,0,0,0,1,0,0,0,0,0,0,0,0,19.11,100.3,
34.500,2809,48.0,0.0,42.13,137.9,14.20,1.98,9.0,100.0,101.9,20.0,-63.0,0.01,-63.0,0,0,0,1,0,0,0,0,0,0,0,0,19.11,100.3,
34.600,2795,48.0,0.0,42.54,27.6,14.20,1.98,9.4,100.0,101.9,19.1,-63.0,0.02,-63.0,0,0,0,1,0,0,0,0,0,0,0,0,19.11,100.3,
34.700,2851,48.0,0.0,39.44,-75.8,14.20,1.96,9.2,100.0,101.9,19.4,-63.0,0.02,-63.0,0,0,0,1,0,0,0,0,0,0,0,0,19.11,100.3,
34.801,2764,48.0,0.0,41.71,131.0,14.30,1.97,9.3,100.0,101.9,19.0,-63.0,0.02,-63.0,0,0,0,1,0,0,0,0,0,0,0,0,19.11,100.3,
34.901,2805,48.0,0.0,41.71,-34.5,14.20,1.98,9.4,100.0,101.9,19.1,-63.0,0.02,-63.0,0,0,0,1,0,0,0,0,0,0,0,0,19.11,100.3,
35.000,2920,48.0,0.0,39.85,41.4,14.20,1.97,9.3,100.0,101.9,19.2,-63.0,0.02,-63.0,0,0,0,1,0,0,0,0,0,0,0,0,19.11,100.3,
35.100,2801,48.0,0.0,42.13,137.9,14.20,1.98,9.5,100.0,101.9,19.0,-63.0,0.02,-63.0,0,0,0,1,0,0,0,0,0,0,0,0,19.11,100.3,
35.200,2733,48.0,0.0,39.99,-193.1,14.20,1.98,9.2,100.0,101.9,19.4,-63.0,0.02,-63.0,0,0,0,1,0,0,0,0,0,0,0,0,19.11,100.3,
35.300,2854,48.0,0.0,40.13,96.5,14.30,1.97,9.2,100.0,101.9,19.4,-63.0,0.02,-63.0,0,0,0,1,0,0,0,0,0,0,0,0,19.11,100.3,
35.400,2840,48.0,0.0,42.13,103.4,14.20,1.98,9.5,100.0,101.9,19.0,-63.0,0.02,-63.0,0,0,0,1,0,0,0,0,0,0,0,0,19.11,100.3,
35.500,2871,48.0,0.0,38.33,-289.6,14.20,1.98,9.4,100.0,101.9,19.1,-63.0,0.02,-63.0,0,0,0,1,0,0,0,0,0,0,0,0,19.11,100.3,
35.600,2836,48.0,0.0,40.68,117.2,14.30,1.97,8.9,100.0,101.9,19.9,-63.0,0.02,-63.0,0,0,0,1,0,0,0,0,0,0,0,0,19.11,100.3,
35.700,2790,48.0,0.0,42.54,110.3,14.30,1.98,9.4,100.0,101.9,19.0,-63.0,0.02,-63.0,0,0,0,1,0,0,0,0,0,0,0,0,19.11,100.3,
35.800,2849,48.0,0.0,40.27,-262.0,14.20,1.98,9.2,100.0,101.9,19.6,-63.0,0.02,-63.0,0,0,0,1,0,0,0,0,0,0,0,0,19.11,100.3,
35.901,2738,48.0,0.0,63.16,558.5,14.20,2.12,9.9,100.0,102.0,14.9,-63.0,0.02,-63.0,0,0,0,1,0,0,0,0,0,0,0,0,19.11,121.5,
36.001,2547,48.0,0.0,95.01,296.5,14.30,4.87,20.5,100.0,102.3,30.9,-63.0,0.02,-63.0,0,0,0,1,0,0,0,0,0,0,0,0,19.11,120.3,
36.101,4037,48.0,0.0,94.25,482.6,14.20,4.45,26.7,100.0,102.4,31.7,-63.0,0.02,-63.0,0,0,0,1,0,0,0,0,0,0,0,0,19.11,121.2,
36.201,5613,48.0,0.0,94.53,537.8,14.30,3.60,33.3,100.0,102.4,37.6,-63.0,0.02,-63.0,0,0,0,1,0,0,0,0,0,0,0,0,19.11,121.4,
36.300,7697,48.0,0.0,88.94,-172.4,14.30,5.61,69.3,100.0,102.3,38.5,-63.0,0.02,-63.0,0,0,0,1,0,0,0,0,0,0,0,0,19.11,122.6,
36.403,9940,48.0,0.0,86.60,-158.6,14.30,6.40,95.0,100.0,102.3,41.7,-63.0,0.02,-63.0,0,0,0,1,0,0,0,0,0,0,1,0,19.11,120.4,
36.504,10208,48.0,0.0,92.87,1061.8,14.30,0.00,87.1,100.0,102.3,42.1,-63.0,0.02,-63.0,0,0,0,1,0,0,0,0,0,0,0,0,19.11,123.8,
36.601,10856,48.0,0.0,89.08,648.1,14.30,0.00,86.1,100.0,102.3,43.1,-63.0,0.02,-63.0,0,0,0,1,0,0,0,0,0,0,0,0,19.11,121.9,
36.703,10197,48.0,0.0,82.05,-613.6,14.30,6.42,95.0,100.0,102.3,41.9,-63.0,0.02,-63.0,0,0,0,1,0,0,0,0,0,0,1,0,19.11,100.6,
36.800,10101,48.0,0.0,82.39,-572.3,14.30,6.52,95.0,100.0,102.3,41.8,-63.0,0.02,-63.0,0,0,0,1,0,0,0,0,0,0,1,0,19.11,100.6,
36.900,10411,48.0,0.0,91.63,289.6,14.40,0.00,95.0,100.0,102.3,42.3,-63.0,0.02,-63.0,0,0,0,1,0,0,0,0,0,0,1,0,19.11,120.3,
37.000,10898,48.0,0.0,82.81,-96.5,14.30,0.00,91.4,100.0,102.2,43.0,-63.0,0.02,-63.0,0,0,0,1,0,0,0,0,0,0,0,0,19.11,100.4,
37.101,9957,48.0,0.0,87.01,-48.3,14.30,6.34,95.0,100.0,102.3,41.7,-63.0,0.02,-63.0,0,0,0,1,0,0,0,0,0,0,1,0,19.11,120.2,
37.200,10204,48.0,0.0,87.43,-144.8,14.40,0.00,95.0,100.0,102.3,42.0,-63.0,0.02,-63.0,0,0,0,1,0,0,0,0,0,0,1,0,19.11,121.7,
37.300,10668,48.0,0.0,89.49,193.1,14.40,0.00,95.0,100.0,102.2,43.0,-63.0,0.02,-63.0,0,0,0,1,0,0,0,0,0,0,1,0,19.11,120.5,
37.400,10494,48.0,0.0,87.01,-48.3,14.30,6.40,95.0,100.0,102.3,42.3,-63.0,0.02,-63.0,0,0,0,1,0,0,0,0,0,0,1,0,19.11,121.4,
37.501,9982,48.0,0.0,85.98,-324.1,14.30,6.49,95.0,100.0,102.3,41.5,-63.0,0.02,-63.0,0,0,0,1,0,0,0,0,0,0,1,0,19.11,100.2,
37.601,10428,48.0,0.0,91.63,613.6,14.40,0.00,95.0,100.0,102.3,42.4,-63.0,0.02,-63.0,0,0,0,1,0,0,0,0,0,0,1,0,19.11,121.8,
37.701,10575,48.0,0.0,88.67,393.0,14.30,5.17,89.2,100.0,102.3,42.0,-63.0,0.02,-63.0,0,0,0,1,0,0,0,0,0,0,0,0,19.11,120.8,
37.801,10028,48.0,0.0,86.25,-268.9,14.30,6.43,95.0,100.0,102.3,41.8,-63.0,0.02,-63.0,0,0,0,1,0,0,0,0,0,0,1,0,19.11,100.1,
37.900,10531,48.0,0.0,80.53,-213.7,14.40,0.00,95.0,100.0,102.2,42.6,-63.0,0.02,-63.0,0,0,0,1,0,0,0,0,0,0,1,0,19.11,100.1,
38.000,10575,48.0,0.0,79.29,13.8,14.30,0.00,86.8,100.0,102.2,42.8,-63.0,0.02,-63.0,0,0,0,1,0,0,0,0,0,0,0,0,19.11,100.1,
38.101,10105,48.0,0.0,71.43,599.8,14.30,4.25,70.7,100.0,102.1,43.1,-63.0,0.02,-63.0,0,0,0,1,0,0,0,0,0,0,0,0,19.11,121.7,
38.201,10160,48.0,0.0,54.33,206.8,14.40,3.88,66.0,100.0,102.0,38.1,-63.0,0.02,-63.0,0,0,0,1,0,0,0,0,0,0,0,0,19.11,100.6,
38.301,10402,48.0,0.0,29.37,-510.2,14.30,3.32,57.7,100.0,101.8,32.4,-63.0,0.02,-63.0,0,0,0,1,0,0,0,0,0,0,0,0,19.11,100.6,
38.400,9638,47.0,0.0,15.86,-124.1,14.30,2.69,43.5,100.0,101.9,25.6,-63.0,0.02,-63.0,0,0,0,1,0,0,0,0,0,0,0,0,19.11,100.6,
38.506,8627,47.0,0.0,10.00,-96.5,14.30,2.47,35.8,100.0,101.8,20.4,-63.0,0.02,-63.0,0,0,0,1,0,0,0,0,0,0,0,0,19.11,100.6,
38.600,7730,47.0,0.0,8.34,6.9,14.30,2.13,27.7,100.0,101.8,17.9,-63.0,0.02,-63.0,0,0,0,1,0,0,0,0,0,0,0,0,19.11,100.6,
38.700,6858,47.0,0.0,6.89,-82.7,14.30,1.72,19.9,100.0,101.8,17.9,-63.0,0.02,-63.0,0,0,0,1,0,0,0,0,0,0,0,0,19.11,100.6,
38.801,6014,47.0,0.0,10.14,48.3,14.30,1.72,17.4,100.0,101.8,17.9,-63.0,0.02,-63.0,0,0,0,1,0,0,0,0,0,0,0,0,19.11,100.6,
38.900,5193,47.0,0.0,12.34,-48.3,14.30,1.71,15.1,100.0,101.8,22.6,-63.0,0.02,-63.0,0,0,0,1,0,0,0,0,0,0,0,0,19.11,100.6,
39.000,4378,47.0,0.0,14.89,-96.5,14.40,1.72,12.9,100.0,101.8,22.6,-63.0,0.02,-63.0,0,0,0,1,0,0,0,0,0,0,0,0,19.11,100.6,
39.100,3810,47.0,0.0,18.00,103.4,14.30,1.72,11.1,100.0,101.9,26.4,-63.0,0.02,-63.0,0,0,0,1,0,0,0,0,0,0,0,0,19.11,100.6,
39.200,3239,46.0,0.0,20.96,-6.9,14.30,1.73,9.6,100.0,102.1,26.4,-63.0,0.02,-63.0,0,0,0,1,0,0,0,0,0,0,0,0,19.11,100.6,
39.300,2868,46.0,0.0,26.54,96.5,14.30,1.74,8.6,100.0,102.1,25.6,-63.0,0.02,-63.0,0,0,0,1,0,0,0,0,0,0,0,0,19.11,100.6,
39.400,2497,46.0,0.0,30.34,55.2,14.20,1.74,7.4,100.0,102.2,22.2,-63.0,0.02,-63.0,0,0,0,1,0,0,0,0,0,0,0,0,19.11,100.6,
39.500,2396,46.0,0.0,33.16,-20.7,14.20,1.85,7.5,100.0,102.3,21.8,-63.0,0.02,-63.0,0,0,0,1,0,0,0,0,0,0,0,0,19.11,100.6,
39.600,2384,46.0,0.0,35.65,-82.7,14.20,1.87,7.6,100.0,102.3,21.8,-63.0,0.02,-63.0,0,0,0,1,0,0,0,0,0,0,0,0,19.11,100.6,
39.700,2369,46.0,0.0,38.06,-82.7,14.20,1.92,7.7,100.0,102.3,21.6,-63.0,0.02,-63.0,0,0,0,1,0,0,0,0,0,0,0,0,19.11,100.6,
39.800,2473,46.0,0.0,37.78,-296.5,14.20,1.94,8.2,100.0,102.3,21.4,-63.0,0.02,-63.0,0,0,0,1,0,0,0,0,0,0,0,0,19.11,100.6,
39.900,2657,46.0,0.0,38.20,-220.6,14.20,1.99,8.5,100.0,102.3,21.0,-63.0,0.02,-63.0,0,0,0,1,0,0,0,0,0,0,0,0,19.11,100.6,
40.000,2746,45.0,0.0,40.54,144.8,14.20,1.97,8.8,100.0,102.6,20.4,-63.0,0.02,-63.0,0,0,0,1,0,0,0,0,0,0,0,0,19.11,100.6,
40.100,2831,45.0,0.0,41.99,103.4,14.30,1.99,9.5,100.0,102.6,19.1,-63.0,0.02,-63.0,0,0,0,1,0,0,0,0,0,0,0,0,19.11,100.6,
40.200,2945,45.0,0.0,38.06,-158.6,14.20,1.95,9.3,100.0,102.6,19.8,-63.0,0.02,-63.0,0,0,0,1,0,0,0,0,0,0,0,0,19.11,100.6,
40.300,2735,45.0,0.0,40.27,124.1,14.30,1.90,8.6,100.0,102.6,21.0,-63.0,0.02,-63.0,0,0,0,1,0,0,0,0,0,0,0,0,19.11,100.6,
40.401,2694,45.0,0.0,41.99,103.4,14.20,1.98,9.1,100.0,102.6,19.8,-63.0,0.02,-63.0,0,0,0,1,0,0,0,0,0,0,0,0,19.11,100.6,
40.500,2709,45.0,0.0,38.89,-275.8,14.20,1.97,9.0,100.0,102.6,20.2,-63.0,0.02,-63.0,0,0,0,1,0,0,0,0,0,0,0,0,19.11,100.6,
40.600,2795,45.0,0.0,39.99,82.7,14.20,1.99,9.0,100.0,102.6,20.2,-63.0,0.02,-63.0,0,0,0,1,0,0,0,0,0,0,0,0,19.11,100.6,
40.702,2679,45.0,0.0,41.44,117.2,14.20,1.97,8.9,100.0,102.6,20.1,-63.0,0.02,-63.0,0,0,0,1,0,0,0,0,0,0,0,0,19.11,100.6,
40.800,2724,45.0,0.0,41.99,34.5,14.20,1.99,9.2,100.0,102.6,19.9,-63.0,0.02,-63.0,0,0,0,1,0,0,0,0,0,0,0,0,19.11,100.6,
40.900,2751,45.0,0.0,38.33,-289.6,14.20,1.99,9.1,100.0,102.6,20.2,-63.0,0.02,-63.0,0,0,0,1,0,0,0,0,0,0,0,0,19.11,100.6,
41.000,2789,45.0,0.0,40.95,103.4,14.20,1.99,8.9,100.0,102.6,20.4,-63.0,0.02,-63.0,0,0,0,1,0,0,0,0,0,0,0,0,19.11,100.6,
41.101,2691,45.0,0.0,42.40,96.5,14.20,1.99,9.1,100.0,102.6,20.1,-63.0,0.02,-63.0,0,0,0,1,0,0,0,0,0,0,0,0,19.11,100.6,
41.200,2748,45.0,0.0,40.82,-158.6,14.20,1.99,9.3,100.0,102.6,19.6,-63.0,0.02,-63.0,0,0,0,1,0,0,0,0,0,0,0,0,19.11,100.6,
41.300,2852,45.0,0.0,40.40,103.4,14.20,1.99,9.4,100.0,102.6,19.6,-63.0,0.02,-63.0,0,0,0,1,0,0,0,0,0,0,0,0,19.11,100.6,
41.400,2884,45.0,0.0,42.13,131.0,14.30,1.99,9.7,100.0,102.6,19.0,-63.0,0.02,-63.0,0,0,0,1,0,0,0,0,0,0,0,0,19.11,100.6,
41.500,2902,45.0,0.0,38.06,-268.9,14.20,1.99,9.5,100.0,102.6,19.3,-63.0,0.02,-63.0,0,0,0,1,0,0,0,0,0,0,0,0,19.11,100.6,
41.601,2850,45.0,0.0,40.82,117.2,14.20,1.96,9.4,100.0,102.6,19.8,-63.0,0.02,-63.0,0,0,0,1,0,0,0,0,0,0,0,0,19.11,100.6,
41.700,2904,45.0,0.0,38.61,-213.7,14.20,1.97,9.7,100.0,102.6,19.0,-63.0,0.02,-63.0,0,0,0,1,0,0,0,0,0,0,0,0,19.11,100.6,
41.800,2940,45.0,0.0,39.71,124.1,14.20,1.96,9.4,100.0,102.6,19.8,-63.0,0.02,-63.0,0,0,0,1,0,0,0,0,0,0,0,0,19.11,100.6,
41.901,2837,45.0,0.0,41.16,82.7,14.30,1.95,9.5,100.0,102.6,19.8,-63.0,0.02,-63.0,0,0,0,1,0,0,0,0,0,0,0,0,19.11,100.6,
Performance Electronics File (V5.6) v3.04.50          6mJ&^:qN  	|pdXL@4!(#%')*,.                          # " !        
 
               $ # "        
 
 	              % $ "        
 
 	 	 	 	 	 	 	 	       & & % !           	 	 	 	 	 	 	       ' ' % $ #          	 	 	 
 
 
 	       & $ " !             	 	 	 
 
 	 	       !           
  	 	 	 
 
 	 	       "           
     
 
 	                           
  
                          
                          
                         	                          
                          
                          
 
       * * ) * ( ( % ' !           
       + * * ) ( ( & ( !                  + * * ) ( ( & ( "                  . - - , + ) ) ) "                  / / / / . - + , % " !                / / / / . - * + $ !     ! !             / / / / . - * ( !                  / / / / . - & %                   + + + + . - ( &                   + + + + . - & %                   L L O T T T T T T T T T T T T T T T T T T T T T T T P O S T T T T T T T T T T T T T T T T T T T T T T T U T T T T T T T T T T T T T T T T T T T T T T T T T Z Y X T T T T T T T T T T T T T T T T T T T T T T T ^ ] \ [ Z Y X W V U U T S R R R R R R R R Z Z Z Z R h h h i i i j j j j j k U C R R R R R R R Z Z Z Z R i i j j j j j k k k l l W F D ? L L R R R Z Z Z Z R j j j k k k l l l l l m Y H F A H H R R R Z Z Z Z R p p p q q q q q r r r r [ J H C J H L L R Z Z Z Z R u u u v v v v v w w w w b P N J P N L L R R R R R R u u u v v v v v w w w w d ^ \ d ^ \ [ d d d d R R R w w w w w w w w w w w w f a ^ f a ^ ] ^ \ Z X V T H x x x x x x x x x x x x h c ` h c ` ^ ` ^ \ Z X U H z z z z z z z z z z z z j e c j e c ` b ` ^ [ Y V H w w w x x x x x x x y y l h e l h e b d a _ \ Z W H x x x y y y y y z z z z n j g n j g d f c ` ^ [ X H y y y z z z z z { { { { q l i q l i f g e b _ \ Y H { { { | | | | | | | } } s n k s n k h i f d ` ^ Z H | | | | } } } } } ~ ~ ~ u p m u p m j k h e b _ \ H } } } ~ ~ ~ ~ ~ ~ ~   w s o w s o l m j f c ` ] H ~ ~ ~ ~         y u r y u r n [ W T P M J H             | w t | w t p \ Y V R N K H             ~ z v ~ z v r ^ [ W S P L H              | x  | x t ` \ X U Q M I             ~ z v ~ z v r ^ Z V R N J F \ \ \ \ \ ] ] ] ] ] ] ] ] ^ ^ ^ ^ ^ ^ ^ ^ _ _ _ _ _ [ [ [ \ \ \ \ \ \ \ ] ] ] ] ] ] ^ ^ ^ ^ ^ ^ _ _ _ _ [ [ [ \ \ \ \ \ \ \ ] ] ] ] ] ] ^ ^ ^ ^ ^ ^ _ _ _ _ Z Z Z [ [ [ [ \ \ \ \ ] ] ] ] ^ ^ ^ ^ _ _ _ _ ` ` ` Z Z Z [ [ [ [ \ \ \ \ ] ] ] ] ^ ^ ^ ^ _ _ _ _ ` ` ` Y Y Z Z Z Z [ [ [ \ \ \ \ ] ] ] ] ^ ^ ^ _ _ _ _ ` ` X X Y Y Y Z Z Z [ [ [ \ \ \ \ ] ] ] ^ ^ ^ _ _ _ ` ` X X Y Y Y Z Z Z [ [ [ \ \ \ \ ] ] ] ^ ^ ^ _ _ _ ` ` W W X X Y Y Y Z Z [ [ [ \ \ ] ] ] ^ ^ _ _ _ ` ` a a W W X X Y Y Y Z Z [ [ [ \ \ ] ] ] ^ ^ _ _ _ ` ` a a V V W W X X Y Y Z Z Z [ [ \ \ ] ] ] ^ ^ _ _ ` ` a a V V W W X X Y Y Z Z Z [ [ \ \ ] ] ] ^ ^ _ _ ` ` a a U V V W W X X Y Y Z Z [ [ \ \ ] ] ^ ^ _ _ ` ` a b b T U U V V W W X X Y Z Z [ [ \ \ ] ^ ^ _ _ ` ` a a b T U U V V W W X X Y Z Z [ [ \ \ ] ^ ^ _ _ ` ` a a b S T T U U V W W X X Y Z Z [ [ \ ] ] ^ ^ _ ` ` a a b S T T U U V W W X X Y Z Z [ [ \ ] ] ^ ^ _ ` ` a a b R S S T U U V W W X Y Y Z [ [ \ ] ^ ^ _ ` ` a b b c R S S T U U V W W X Y Y Z [ [ \ ] ^ ^ _ ` ` a b b c Q R R S T U U V W W X Y Z Z [ \ ] ] ^ _ _ ` a b b c P Q R R S T U U V W X X Y Z [ [ \ ] ^ ^ _ ` a a b c P Q R R S T U U V W X X Y Z [ [ \ ] ^ ^ _ ` a a b c O P Q R R S T U V W W X Y Z [ \ \ ] ^ _ ` a a b c d O P Q R R S T U V W W X Y Z [ \ \ ] ^ _ ` a a b c d N O P Q R R S T U V W X Y Y Z [ \ ] ^ _ ` ` a b c d                                                                                                                                                                                                                                                                                                                                                                                                                                                                                                                                                                                                                                                                                 p  d ( 
   ) X                        d                x n l f d b ^ Z T N I D                        `<&    .0    <<                                                                                                                                                                                                                                                                                                                                                                                                                                                                                                                                                                                                                                                                        
   2 
   d R   d   S d                                                                                        } w q k e _ Y S M G A ; 5 / )            } w q k e _ Y S M G A ; 5 / )            } w q k e _ Y S M G A ; 5 / )            } w q k e _ Y S M G A ; 5 / )            } w q k e _ Y S M G A ; 5 / )            } w q k e _ Y S M G A ; 5 / )            } w q k e _ Y S M G A ; 5 / )            } w q k e _ Y S M G A ; 5 / )            } w q k e _ Y S M G A ; 5 / )            } w q k e _ Y S M G A ; 5 / )            } w q k e _ Y S M G A ; 5 / )            } w q k e _ Y S M G A ; 5 / )            } w q k e _ Y S M G A ; 5 / )            } w q k e _ Y S M G A ; 5 / )            } w q k e _ Y S M G A ; 5 / )            } w q k e _ Y S M G A ; 5 / )            } w q k e _ Y S M G A ; 5 / )            } w q k e _ Y S M G A ; 5 / )            } w q k e _ Y S M G A ; 5 / )            } w q k e _ Y S M G A ; 5 / )            } w q k e _ Y S M G A ; 5 / )            } w q k e _ Y S M G A ; 5 / )            } w q k e _ Y S M G A ; 5 / )            } w q k e _ Y S M G A ; 5 / )            } w q k e _ Y S M G A ; 5 / ) < < < < < < < < < < < < < < < < < < < < < < < < < < < < < < < < < < < < < < < < < < < < < < < < < < < < < < < < < < < < < < < < < < < < < < < < < < < < < < @ @ @ @ @ @ @ @ @ @ @ @ @ @ @ @ @ @ @ @ @ @ @ @ @ @ C C C C C C C C C C C C C C C C C C C C C C C C C C G G G G G G G G G G G G G G G G G G G G G G G G G G J J J J J J J J J J J J J J J J J J J J J J J J J J N N N N N N N N N N N N N N N N N N N N N N N N N N R R R R R R R R R R R R R R R R R R R R R R R R R R U U U U U U U U U U U U U U U U U U U U U U U U U U Y Y Y Y Y Y Y Y Y Y Y Y Y Y Y Y Y Y Y Y Y Y Y Y Y Y \ \ \ \ \ \ \ \ \ \ \ \ \ \ \ \ \ \ \ \ \ \ \ \ \ \ ` ` ` ` ` ` ` ` ` ` ` ` ` ` ` ` ` ` ` ` ` ` ` ` ` ` d d d d d d d d d d d d d d d d d d d d d d d d d d g g g g g g g g g g g g g g g g g g g g g g g g g g k k k k k k k k k k k k k k k k k k k k k k k k k k n n n n n n n n n n n n n n n n n n n n n n n n n n n n n n n n n n n n n n n n n n n n n n n n n n n n n n n n n n n n n n n n n n n n n n n n n n n n n n n n n n n n n n n n n n n n n n n n n n n n n n n n n n n n n n n n n n n n n n n n n n n n n n n n n n n n n n n n n n n n n n n n n n n n n n n n n n n n n n n n n n n n n n n n n n n n n n n n n n n n n n n n n n n n n n n n n n n n n n n n n n n n n n n n n n n n n n n n n n n n n n n n n n n n n n n n n n d d d d d d d d d d d d d d d d d d d d d d d d d d d d d d d d d d d d d d d d d d d d d d d d d d d d d d d d d d d d d d d d d d d d d d d d d d d d d d d d d d d d d d d d d d d d d d d d d d d d d d d d d d d d d d d d d d d d d d d d d d d d d d d d d d d d d d d d d d d d d d d d d d d d d d d d d d d d d d d d d d d d d d d d d d d d d d d d d d d d d d d d d d d d d d d d d d d d d d d d d d d d d d d d d d d d d d d d d d d d d d d d d d d d d d d d d d d d d d d d d d d d d d d d d d d d d d d d d d d d d d d d d d d d d d d d d d d d d d d d d d d d d d d d d d d d d d d d d d d d d d d d d d d d d d d d d d d d d d d d d d d d d d d d d d d d d d d d d d d d d d d d d d d d d d d d d d d d d d d d d d d d d d d d d d d d d d d d d d d d d d d d d d d d d d d d d d d d d d d d d d d d d d d d d d d d d d d d d d d d d d d d d d d d d d d d d d d d d d d d d d d d d d d d d d d d d d d d d d d d d d d d d d d d d d d d d d d d d d d d d d d d d d d d d d d d d d d d d d d d d d d d d d d d d d d d d d d d d d d d d d d d d d d d d d d d d d d d d d d d d d d d d d d d d d d d d d d d d d d d d d d d d d d d d d d d d d d d d d d d d d d d d d d d d d d d d d d d d d d d d d d d d d d d d d d d d d d d d d d d d d d d d d d d d d d d d d d d d d d d d d d d d d d d d d                                                                                                                                                                                                                                                                                                                                                                                                                                                                                                                                                                                                                                                                                
 d         
 `     d       Anlg #1     ?  Anlg #2     ?  Anlg #3     ?  Anlg #4     ?  Anlg #5     ?  Anlg #6     ?  Anlg #7     ?  Anlg #8     ?   Freq #1  ? Freq #2  ? Freq #3  ? Freq #4  ?  BJp     (   (   (   (   (   (   (   (                     
        XpX@,(#                                                                   XpX@,(#                                                                   XpX@,(#                                                                   XpX@,(#                                                                   XpX@,(#                                                                   XpX@,(#                                                                   XpX@,(#                                                                   XpX@,(#                                                                    )[ ym`UJ*X	@e(Ea~$8L(\ :n
~LL~~~mA;]]]]6+;;;L+	(\ ]`!       	   
   (\ :n
   %  
 +    2 '      x x x                                                     " :	>($I($I                        M      8      ::  
                             	           d      ,      pX  X  @   (#  '  *L  .  2  6x  :  >@  hB                0  ;             	 
                    	 
                    	 
                    	 
                    	 
                    	 
                    	 
                    	 
             2 2 2 2 2 2 2       d d  d d d d d d d d d d d d d d d d d d d d d d d d d d d d d d d d d d d d d d d d d d d d d d d d d d d d d d d d d d d d d d d d  X,  pX                                                                                       DI #1   DI #2   DI #3   DI #4   DI #5   DI #6   DI #7  DO # 1  DO # 2  DO # 3  DO # 4  DO # 5  DO # 6  DO # 7  DO # 8  DO # 9 DO # 10 2                                                                                                                                                                                                                                                                 DE #1      ?   DE #2      ?   DE #3      ?   DE #4      ?   DE #5      ?   DE #6      ?   DE #7      ?   DE #8      ?   DE #9      ?  DE #10      ?  DE #11      ?  DE #12      ?  
                  2 d    2  dddddddddddddddddddddddddddddddd        2>JVbnzx P (     Q K }  2 2 2 2 2 2 2      ;c	z^%yy#"xy2[ X,X-W,       2          6  1 + X[N 9 ;  G 	f V Y d x                                                                     f;  P            |	
,    @J	D>$(:#         d  ,X|pd  C  d                                                                        
           d d      :  pd  @x@,22222 :BBBBBl~                                                X x@(>Si~!/>L    n=                                                                                          `                                                           @     @     @     @     @     @     @     @     L>/&!>V            hhhhhhhhd
Nd
N
 
 
 
  &2 2 2                                                                                                                                    d 
  2    
   ( 2 < F  
(2<F p   
d                                  ( < P d 	x      | pdX,L@@  
X  User #1 User #2 User #3 User #4 User #5 User #6 User #7 User #8                                                                                                              I L               ,X4  K     d  ,X   d  ,X   P   @0          
    -2FK_dx}              (                                                                                                                                                                                                                              U                                                                                                     

,Performance Electronics File (V5.6) v3.04.50
Serial Number:         68271998D575
Date: 10-18-2022