Time (sec),RPM,TPS (%),MAP (kPa),MAP Rate (kPa/sec),
0.000,2198,0.0,56.40,110.3,
0.010,2198,0.0,56.81,55.2,
0.020,2198,0.0,51.23,-455.1,
0.030,2200,0.0,52.88,68.9,
0.040,2200,0.0,54.61,158.6,
0.051,2142,0.0,55.85,131.0,
0.060,2142,0.0,57.23,137.9,
0.070,2142,0.0,53.78,-268.9,
0.080,2265,0.0,51.37,-241.3,
0.090,2265,0.0,54.19,193.1,
0.100,2265,0.0,55.30,124.1,
0.110,2154,0.0,56.54,124.1,
0.120,2154,0.0,56.81,41.4,
0.130,2154,0.0,51.50,-441.3,
0.140,2144,0.0,53.02,55.2,
0.150,2144,0.0,54.74,158.6,
0.160,2144,0.0,55.99,131.0,
0.170,2026,0.0,57.36,137.9,
0.180,2026,0.0,56.54,-48.3,
0.190,2026,0.0,51.64,-427.5,
0.200,2030,0.0,53.78,110.3,
0.210,2030,0.0,55.43,158.6,
0.220,2030,0.0,56.67,131.0,
0.230,1950,0.0,57.85,117.2,
0.240,1950,0.0,57.36,-13.8,
0.250,1950,0.0,52.06,-455.1,
0.260,2053,0.0,54.19,110.3,
0.270,2053,0.0,55.99,172.4,
0.283,2012,0.0,57.23,131.0,
0.290,2012,0.0,58.40,117.2,
0.300,2012,0.0,56.12,-172.4,
0.310,2205,0.0,52.33,-344.7,
0.320,2205,0.0,55.16,179.3,
0.334,2205,0.0,56.26,117.2,
0.340,2068,0.0,57.64,137.9,
0.350,2068,0.0,58.81,117.2,
0.360,2068,0.0,54.88,-310.3,
0.370,2010,0.0,52.74,-227.5,
0.380,2010,0.0,55.57,199.9,
0.390,2010,0.0,57.09,158.6,
0.400,1947,0.0,58.12,110.3,
0.410,1947,0.0,59.23,110.3,
0.420,1947,0.0,55.16,-324.1,
0.430,2109,0.0,53.16,-220.6,
0.442,2109,0.0,56.12,213.7,
0.450,2109,0.0,57.36,137.9,
0.460,2027,0.0,58.26,96.5,
0.470,2027,0.0,58.81,62.1,
0.480,2027,0.0,54.05,-386.1,
0.490,2123,0.0,53.92,-68.9,
0.500,2123,0.0,56.40,193.1,
0.510,2123,0.0,57.64,137.9,
0.520,2038,0.0,58.67,103.4,
0.530,2038,0.0,58.40,0.0,
0.540,2038,0.0,53.16,-441.3,
0.550,2133,0.0,54.88,75.8,
0.561,2133,0.0,56.54,151.7,
0.571,2074,0.0,57.71,124.1,
0.580,2074,0.0,59.09,137.9,
0.590,2074,0.0,56.54,-193.1,
0.600,2234,0.0,52.88,-344.7,
0.610,2234,0.0,55.71,179.3,
0.620,2234,0.0,56.95,131.0,
0.630,2153,0.0,58.12,117.2,
0.640,2153,0.0,58.26,27.6,
0.650,2153,0.0,52.88,-448.2,
0.660,2238,0.0,54.19,41.4,
0.671,2238,0.0,55.99,158.6,
0.680,2191,0.0,57.23,131.0,
0.690,2191,0.0,58.54,131.0,
0.700,2191,0.0,53.92,-365.4,
0.710,2360,0.0,53.02,-131.0,
0.720,2360,0.0,55.43,179.3,
0.732,2267,0.0,56.67,131.0,
0.740,2267,0.0,57.71,103.4,
0.750,2267,0.0,55.43,-172.4,
0.760,2296,0.0,51.92,-324.1,
0.770,2296,0.0,54.61,172.4,
0.780,2296,0.0,55.99,144.8,
0.791,2186,0.0,57.23,131.0,
0.800,2186,0.0,57.36,27.6,
0.810,2186,0.0,52.06,-441.3,
0.820,2188,0.0,53.43,48.3,
0.830,2188,0.0,55.30,165.5,
0.842,2113,0.0,56.40,117.2,
0.850,2113,0.0,57.64,124.1,
0.860,2113,0.0,55.57,-151.7,
0.870,2205,0.0,51.78,-344.7,
0.880,2205,0.0,54.33,158.6,
0.890,2205,0.0,55.71,144.8,
0.900,2068,0.0,57.09,144.8,
0.910,2068,0.0,58.40,137.9,
0.920,2068,0.0,54.47,-310.3,
0.930,1994,0.0,52.33,-227.5,
0.940,1994,0.0,55.16,199.9,
0.950,1994,0.0,56.67,158.6,
0.960,1894,0.0,57.85,124.1,
0.970,1894,0.0,58.95,110.3,
0.980,1894,0.0,56.95,-144.8,
0.991,1972,0.0,52.74,-379.2,
1.000,1972,0.0,55.57,172.4,
1.010,1972,0.0,57.23,165.5,
1.021,1972,0.0,58.26,110.3,
1.030,1906,0.0,59.36,110.3,
1.040,1906,0.0,57.71,-117.2,
1.051,2064,0.0,53.30,-393.0,
1.060,2064,0.0,55.85,151.7,
1.070,2064,0.0,57.50,165.5,
1.080,2023,0.0,58.54,110.3,
1.090,2023,0.0,59.64,110.3,
1.100,2023,0.0,56.12,-275.8,
1.110,2224,0.0,53.50,-262.0,
1.121,2224,0.0,56.67,227.5,
1.130,2224,0.0,57.64,110.3,
1.141,2184,0.0,58.67,103.4,
1.150,2184,0.0,57.64,-62.1,
1.160,2373,0.0,52.88,-413.7,
1.170,2373,0.0,55.43,151.7,
1.180,2373,0.0,56.81,144.8,
1.190,2244,0.0,57.98,124.1,
1.200,2244,0.0,58.67,75.8,
1.210,2244,0.0,53.30,-441.3,
1.220,2181,0.0,53.78,-34.5,
1.230,2181,0.0,56.12,186.2,
1.242,2153,0.0,57.23,124.1,
1.250,2153,0.0,58.26,103.4,
1.261,2153,0.0,55.16,-241.3,
1.270,2388,0.0,52.61,-255.1,
1.280,2388,0.0,55.43,193.1,
1.290,2388,0.0,56.40,110.3,
1.300,2284,0.0,57.64,124.1,
1.310,2284,0.0,56.26,-96.5,
1.320,2286,0.0,51.78,-399.9,
1.330,2286,0.0,54.47,165.5,
1.340,2286,0.0,55.71,131.0,
1.350,2204,0.0,57.09,137.9,
1.365,2204,0.0,57.71,68.9,
1.370,2204,0.0,52.06,-461.9,
1.380,2274,0.0,53.30,27.6,
1.390,2274,0.0,55.16,158.6,
1.401,2190,0.0,56.40,131.0,
1.410,2190,0.0,57.64,124.1,
1.420,2190,0.0,54.33,-255.1,
1.430,2263,0.0,51.78,-255.1,
1.440,2263,0.0,54.61,193.1,
1.450,2263,0.0,55.71,124.1,
1.460,2169,0.0,56.95,124.1,
1.470,2169,0.0,56.67,0.0,
1.480,2169,0.0,51.50,-434.4,
1.490,2205,0.0,53.43,89.6,
1.500,2205,0.0,55.02,144.8,
1.511,2069,0.0,56.40,144.8,
1.520,2069,0.0,57.64,131.0,
1.530,2069,0.0,55.99,-117.2,
1.541,2008,0.0,51.64,-386.1,
1.550,2008,0.0,54.19,151.7,
1.560,2008,0.0,55.85,165.5,
1.572,1947,0.0,57.09,131.0,
1.580,1947,0.0,58.12,103.4,
1.590,1947,0.0,56.40,-124.1,
1.601,2110,0.0,52.19,-372.3,
1.610,2110,0.0,54.88,165.5,
1.620,2110,0.0,56.26,144.8,
1.630,2022,0.0,57.36,117.2,
1.640,2022,0.0,58.54,117.2,
1.650,2022,0.0,55.71,-213.7,
1.660,2100,0.0,52.61,-296.5,
1.670,2100,0.0,55.30,179.3,
1.680,2100,0.0,56.81,151.7,
1.690,2034,0.0,57.98,124.1,
1.700,2034,0.0,58.67,75.8,
1.711,2034,0.0,54.05,-372.3,
1.720,2176,0.0,53.50,-103.4,
1.730,2176,0.0,55.85,172.4,
1.740,2176,0.0,57.23,144.8,
1.750,2075,0.0,58.40,124.1,
1.760,2075,0.0,58.12,0.0,
1.770,2075,0.0,52.88,-441.3,
1.780,2109,0.0,54.47,62.1,
1.790,2109,0.0,56.26,165.5,
1.800,2109,0.0,57.50,131.0,
1.811,2010,0.0,58.81,131.0,
1.820,2010,0.0,57.71,-68.9,
1.832,2069,0.0,52.88,-420.6,
1.840,2069,0.0,55.16,124.1,
1.850,2069,0.0,56.81,158.6,
1.861,2011,0.0,58.12,137.9,
1.870,2011,0.0,59.23,110.3,
1.880,2011,0.0,57.09,-158.6,
1.890,2170,0.0,53.16,-358.5,
1.900,2170,0.0,55.85,172.4,
1.910,2170,0.0,57.09,131.0,
1.921,2134,0.0,58.40,131.0,
1.930,2134,0.0,59.09,75.8,
1.940,2134,0.0,53.30,-475.7,
1.950,2332,0.0,54.74,41.4,
1.960,2332,0.0,56.67,165.5,
1.970,2284,0.0,57.85,124.1,
1.980,2284,0.0,58.67,89.6,
1.990,2284,0.0,53.64,-413.7,
2.000,2431,0.0,54.33,-6.9,
2.010,2431,0.0,56.40,165.5,
2.020,2329,0.0,57.64,131.0,
2.034,2329,0.0,58.81,117.2,
2.040,2329,0.0,54.33,-358.5,
2.050,2330,0.0,53.64,-110.3,
2.060,2330,0.0,56.12,186.2,
2.070,2330,0.0,57.50,151.7,
2.080,2211,0.0,58.67,124.1,
2.090,2211,0.0,57.36,-89.6,
2.101,2184,0.0,52.88,-393.0,
2.110,2184,0.0,55.71,172.4,
2.120,2184,0.0,57.23,151.7,
2.130,2135,0.0,58.40,124.1,
2.140,2135,0.0,59.09,75.8,
2.151,2135,0.0,54.19,-399.9,
2.160,2303,0.0,54.74,-20.7,
2.170,2303,0.0,57.09,186.2,
2.181,2212,0.0,58.26,131.0,
2.190,2212,0.0,59.50,124.1,
2.200,2212,0.0,56.54,-227.5,
2.210,2267,0.0,53.50,-289.6,
2.221,2267,0.0,56.67,220.6,
2.230,2267,0.0,57.98,144.8,
2.240,2147,0.0,59.23,131.0,
2.250,2147,0.0,59.64,55.2,
2.260,2147,0.0,54.33,-434.4,
2.270,2126,0.0,55.43,20.7,
2.281,2126,0.0,57.98,220.6,
2.292,2127,0.0,59.36,151.7,
2.300,2127,0.0,60.88,151.7,
2.310,2127,0.0,57.85,-227.5,
2.320,2407,0.0,55.85,-199.9,
2.331,2407,0.0,59.36,262.0,
2.342,2379,0.0,61.43,213.7,
2.350,2379,0.0,63.71,227.5,
2.360,2379,0.0,60.47,-234.4,
2.374,2564,0.0,59.92,-82.7,
2.381,2564,0.0,64.12,337.8,
2.390,2529,0.0,66.95,289.6,
2.400,2529,0.0,68.74,199.9,
2.411,2705,0.0,64.12,-351.6,
2.421,2705,0.0,68.33,296.5,
2.431,2705,0.0,71.98,358.5,
2.440,2745,0.0,75.50,351.6,
2.450,2745,0.0,70.33,-379.2,
2.460,3055,0.0,73.22,179.3,
2.472,3062,0.0,77.84,413.7,
2.480,3062,0.0,80.39,275.8,
2.490,3062,0.0,74.81,-427.5,
2.501,3310,0.0,79.01,282.7,
2.511,3395,0.0,83.50,427.5,
2.520,3395,0.0,80.12,-213.7,
2.530,3765,0.0,80.39,-13.8,
2.541,3837,0.0,85.43,420.6,
2.550,3837,0.0,82.32,-193.1,
2.560,4173,0.0,81.91,-68.9,
2.571,4232,0.0,87.56,461.9,
2.581,4539,0.0,82.19,-379.2,
2.590,4539,0.0,84.60,137.9,
2.604,4578,0.0,86.46,172.4,
2.611,4839,0.0,82.53,-303.4,
2.621,4892,0.0,89.36,530.9,
2.630,5160,0.0,82.67,-482.6,
2.641,5213,0.0,88.11,386.1,
2.652,5460,0.0,86.60,-62.1,
2.660,5460,0.0,87.29,41.4,
2.670,5521,0.0,86.39,-68.9,
2.680,5779,0.0,86.60,0.0,
2.690,5849,0.0,88.39,151.7,
2.700,6114,0.0,86.87,-96.5,
2.711,6188,0.0,88.67,131.0,
2.721,6538,0.0,87.43,-82.7,
2.730,6817,0.0,83.08,-379.2,
2.741,6891,0.0,89.63,489.5,
2.750,7164,0.0,84.87,-324.1,
2.760,7241,0.0,83.50,-172.4,
2.771,7591,0.0,83.36,-34.5,
2.780,7854,0.0,82.81,-48.3,
2.790,7926,0.0,85.43,206.8,
2.801,8244,0.0,84.87,-6.9,
2.810,8490,0.0,83.22,-144.8,
2.821,8564,0.0,83.63,6.9,
2.831,8865,0.0,87.98,372.3,
2.842,9151,0.0,80.25,-592.9,
2.851,9371,0.0,84.46,262.0,
2.861,9633,0.0,82.81,-96.5,
2.870,9706,0.0,80.67,-199.9,
2.881,9975,0.0,86.12,427.5,
2.891,10229,0.0,82.05,-275.8,
2.902,10465,0.0,82.94,34.5,
2.910,10633,0.0,84.87,165.5,
2.920,10853,0.0,82.39,-179.3,
2.931,10704,0.0,85.56,241.3,
2.942,10565,0.0,79.43,-475.7,
2.951,10482,0.0,85.84,468.8,
2.960,10349,0.0,88.53,303.4,
2.971,10217,0.0,82.53,-455.1,
2.982,10087,0.0,84.32,82.7,
2.990,10042,0.0,82.67,-124.1,
3.001,9914,0.0,87.01,344.7,
3.010,9894,0.0,85.56,-62.1,
3.020,9980,0.0,88.25,213.7,
3.031,10204,0.0,84.18,-310.3,
3.041,10385,0.0,78.26,-551.6,
3.051,10635,0.0,87.15,668.8,
3.060,10864,0.0,78.74,-606.7,
3.071,10721,0.0,88.39,723.9,
3.081,10588,0.0,86.74,-27.6,
3.090,10504,0.0,85.43,-117.2,
3.100,10375,0.0,87.29,131.0,
3.110,10245,0.0,86.39,-55.2,
3.122,10116,0.0,79.98,-558.5,
3.131,10073,0.0,89.63,730.8,
3.140,9946,0.0,81.77,-551.6,
3.152,10141,0.0,84.60,151.7,
3.164,10183,0.0,89.91,475.7,
3.172,10407,0.0,83.91,-427.5,
3.181,10640,0.0,84.18,-48.3,
3.192,10732,0.0,79.84,-379.2,
3.201,10673,0.0,86.12,468.8,
3.210,10541,0.0,82.53,-227.5,
3.221,10414,0.0,89.91,586.1,
3.232,10283,0.0,81.22,-648.1,
3.241,10204,0.0,91.22,744.6,
3.250,10076,0.0,84.32,-468.8,
3.261,9951,0.0,84.87,-34.5,
3.271,9907,0.0,89.91,420.6,
3.284,10137,0.0,81.50,-641.2,
3.291,10344,0.0,84.74,172.4,
3.300,10402,0.0,84.18,-13.8,
3.310,10640,0.0,85.98,144.8,
3.320,10729,0.0,83.63,-165.5,
3.331,10590,0.0,83.63,-27.6,
3.342,10462,0.0,82.32,-117.2,
3.351,10421,0.0,86.60,337.8,
3.360,10292,0.0,82.32,-303.4,
3.372,10169,0.0,86.12,268.9,
3.380,10087,0.0,85.70,6.9,
3.390,9964,0.0,86.12,41.4,
3.401,9957,0.0,86.46,34.5,
3.410,10110,0.0,83.91,-206.8,
3.420,10325,0.0,86.12,151.7,
3.430,10583,0.0,87.01,103.4,
3.442,10825,0.0,82.53,-358.5,
3.451,10739,0.0,87.29,344.7,
3.460,10600,0.0,87.43,62.1,
3.470,10469,0.0,86.87,-27.6,
3.481,10342,0.0,83.36,-303.4,
3.490,10299,0.0,82.39,-124.1,
3.501,10171,0.0,86.87,358.5,
3.511,10044,0.0,85.29,-75.8,
3.520,9966,0.0,83.08,-199.9,
3.531,9874,0.0,88.67,434.4,
3.541,9927,0.0,86.39,-124.1,
3.550,10128,0.0,83.22,-289.6,
3.560,10380,0.0,81.63,-179.3,
3.572,10445,0.0,85.98,337.8,
3.581,10872,0.0,81.63,-310.3,
3.592,11100,0.0,80.12,-172.4,
3.600,11013,0.0,82.81,199.9,
3.610,10874,0.0,84.74,193.1,
3.620,10747,0.0,85.70,110.3,
3.631,10620,0.0,82.39,-255.1,
3.642,10496,0.0,86.12,268.9,
3.650,10448,0.0,85.70,6.9,
3.660,10325,0.0,82.81,-234.4,
3.671,10197,0.0,84.32,82.7,
3.680,10116,0.0,86.12,165.5,
3.690,9993,0.0,84.18,-131.0,
3.701,9938,0.0,85.29,68.9,
3.710,10002,0.0,86.46,110.3,
3.720,10222,0.0,82.05,-351.6,
3.731,10431,0.0,87.56,413.7,
3.742,10653,0.0,78.74,-682.6,
3.751,10701,0.0,84.18,358.5,
3.760,10778,0.0,81.63,-158.6,
3.770,10643,0.0,80.12,-151.7,
3.781,10595,0.0,75.77,-393.0,
3.791,10469,0.0,80.94,372.3,
3.800,10344,0.0,80.67,41.4,
3.811,10215,0.0,81.63,82.7,
3.820,10137,0.0,77.57,-330.9,
3.831,10013,0.0,80.81,213.7,
3.841,9922,0.0,75.36,-427.5,
3.850,9920,0.0,76.19,0.0,
3.860,10139,0.0,71.02,-434.4,
3.871,10363,0.0,74.95,262.0,
3.882,10553,0.0,65.22,-779.1,
3.890,10590,0.0,68.88,193.1,
3.900,10643,0.0,67.36,-89.6,
3.910,10511,0.0,62.33,-441.3,
3.921,10378,0.0,54.05,-772.2,
3.930,10325,0.0,56.26,68.9,
3.940,10201,0.0,53.50,-220.6,
3.951,10076,0.0,53.02,-68.9,
3.960,10002,0.0,48.54,-393.0,
3.970,9960,0.0,49.71,34.5,
3.981,10058,0.0,41.99,-648.1,
3.990,10146,0.0,41.09,-179.3,
4.000,10238,0.0,35.92,-461.9,
4.010,10297,0.0,37.51,55.2,
4.022,10337,0.0,32.13,-441.3,
4.032,10330,0.0,32.27,-62.1,
4.040,10337,0.0,28.96,-289.6,
4.051,10302,0.0,25.17,-365.4,
4.060,10252,0.0,25.30,-48.3,
4.070,10155,0.0,21.51,-330.9,
4.081,10042,0.0,22.48,20.7,
4.090,9982,0.0,20.20,-186.2,
4.100,9853,0.0,20.48,-13.8,
4.111,9725,0.0,17.17,-282.7,
4.120,9658,0.0,17.03,-55.2,
4.130,9537,0.0,15.03,-179.3,
4.142,9416,0.0,14.75,-48.3,
4.154,9357,0.0,15.31,27.6,
4.162,9236,0.0,16.41,96.5,
4.170,9166,0.0,12.82,-282.7,
4.181,9041,0.0,14.20,68.9,
4.190,8983,0.0,14.89,68.9,
4.202,8854,0.0,12.07,-220.6,
4.210,8787,0.0,11.79,-55.2,
4.222,8655,0.0,11.93,-6.9,
4.230,8595,0.0,11.79,-13.8,
4.240,8522,0.0,12.07,13.8,
4.251,8390,0.0,11.93,0.0,
4.260,8325,0.0,11.65,-20.7,
4.270,8252,0.0,9.58,-179.3,
4.285,8111,0.0,10.41,41.4,
4.290,8050,0.0,11.79,124.1,
4.300,7971,0.0,8.76,-234.4,
4.310,7828,0.0,9.72,34.5,
4.320,7763,0.0,10.55,75.8,
4.330,7684,0.0,9.45,-75.8,
4.341,7538,0.0,9.86,20.7,
4.350,7473,0.0,10.55,62.1,
4.360,7391,0.0,10.14,-20.7,
4.370,7325,0.0,9.58,-48.3,
4.380,7241,0.0,10.55,62.1,
4.391,7092,0.0,9.58,-62.1,
4.401,7092,0.0,9.17,-48.3,
4.410,6941,0.0,9.31,-6.9,
4.420,6874,0.0,10.82,117.2,
4.430,6790,0.0,8.20,-199.9,
4.440,6723,0.0,10.27,137.9,
4.450,6639,0.0,9.86,-13.8,
4.463,6486,0.0,9.72,-13.8,
4.471,6418,0.0,10.55,62.1,
4.481,6329,0.0,10.96,48.3,
4.491,6261,0.0,10.69,-6.9,
4.500,6171,0.0,11.10,27.6,
4.513,6100,0.0,11.38,27.6,
4.520,6008,0.0,11.24,0.0,
4.530,5935,0.0,11.79,41.4,
4.541,5841,0.0,12.07,27.6,
4.551,5767,0.0,12.41,34.5,
4.563,5668,0.0,12.82,41.4,
4.570,5668,0.0,13.10,27.6,
4.580,5592,0.0,12.69,-27.6,
4.590,5489,0.0,13.24,34.5,
4.600,5412,0.0,14.62,124.1,
4.610,5304,0.0,13.65,-55.2,
4.620,5224,0.0,15.58,144.8,
4.630,5111,0.0,14.07,-96.5,
4.641,5029,0.0,16.00,137.9,
4.650,5029,0.0,15.72,0.0,
4.660,4912,0.0,15.44,-20.7,
4.670,4827,0.0,17.03,124.1,
4.680,4709,0.0,15.31,-124.1,
4.691,4622,0.0,17.03,124.1,
4.700,4622,0.0,16.62,-13.8,
4.710,4499,0.0,16.48,-13.8,
4.720,4409,0.0,18.00,117.2,
4.730,4409,0.0,16.89,-68.9,
4.740,4285,0.0,17.31,20.7,
4.751,4194,0.0,18.82,131.0,
4.763,4069,0.0,17.44,-96.5,
4.770,4069,0.0,18.13,34.5,
4.780,3998,0.0,19.37,110.3,
4.793,3936,0.0,17.86,-103.4,
4.800,3936,0.0,18.55,34.5,
4.810,3844,0.0,19.93,124.1,
4.820,3844,0.0,18.96,-55.2,
4.830,3712,0.0,19.10,-6.9,
4.840,3629,0.0,20.34,96.5,
4.850,3629,0.0,21.24,96.5,
4.863,3550,0.0,19.51,-124.1,
4.870,3550,0.0,20.82,89.6,
4.880,3470,0.0,22.20,131.0,
4.890,3470,0.0,20.55,-117.2,
4.900,3381,0.0,21.37,48.3,
4.911,3297,0.0,23.03,151.7,
4.920,3297,0.0,23.72,82.7,
4.930,3202,0.0,21.93,-137.9,
4.940,3202,0.0,23.58,117.2,
4.950,3106,0.0,24.75,117.2,
4.960,3106,0.0,25.44,75.8,
4.970,2993,0.0,23.44,-151.7,
4.981,2993,0.0,25.17,117.2,
4.990,2927,0.0,26.41,124.1,
5.000,2927,0.0,26.68,41.4,
5.010,2895,0.0,24.89,-144.8,
5.020,2895,0.0,26.41,96.5,
5.033,2811,0.0,27.51,110.3,
5.040,2811,0.0,28.82,131.0,
5.050,2811,0.0,25.99,-213.7,
5.060,2751,0.0,26.96,41.4,
5.070,2751,0.0,28.34,124.1,
5.080,2693,0.0,29.65,131.0,
5.090,2693,0.0,29.79,27.6,
5.101,2693,0.0,27.23,-206.8,
5.110,2693,0.0,29.51,158.6,
5.121,2608,0.0,30.47,103.4,
5.130,2608,0.0,31.72,124.1,
5.140,2608,0.0,29.10,-199.9,
5.150,2570,0.0,29.37,-13.8,
5.160,2570,0.0,31.16,144.8,
5.170,2521,0.0,32.27,117.2,
5.180,2521,0.0,32.82,62.1,
5.193,2555,0.0,30.06,-220.6,
5.200,2555,0.0,31.44,82.7,
5.210,2555,0.0,33.03,144.8,
5.220,2505,0.0,33.99,103.4,
5.230,2505,0.0,33.85,13.8,
5.240,2545,0.0,31.16,-220.6,
5.250,2545,0.0,33.16,131.0,
5.260,2545,0.0,34.54,137.9,
5.270,2507,0.0,35.65,110.3,
5.280,2507,0.0,34.13,-103.4,
5.290,2571,0.0,32.89,-124.1,
5.300,2571,0.0,34.54,117.2,
5.310,2530,0.0,35.92,137.9,
5.320,2530,0.0,37.02,110.3,
5.330,2530,0.0,33.85,-248.2,
5.340,2590,0.0,34.54,13.8,
5.350,2590,0.0,35.92,124.1,
5.360,2521,0.0,37.09,117.2,
5.370,2521,0.0,37.23,27.6,
5.381,2542,0.0,34.13,-255.1,
5.390,2542,0.0,35.92,110.3,
5.400,2542,0.0,37.09,117.2,
5.410,2491,0.0,38.33,124.1,
5.420,2491,0.0,37.51,-48.3,
5.430,2549,0.0,34.96,-227.5,
5.440,2549,0.0,37.37,165.5,
5.453,2522,0.0,38.47,117.2,
5.460,2522,0.0,39.44,96.5,
5.470,2522,0.0,37.09,-172.4,
5.480,2621,0.0,36.20,-103.4,
5.490,2621,0.0,38.33,158.6,
5.500,2595,0.0,39.44,117.2,
5.510,2595,0.0,39.85,55.2,
5.521,2695,0.0,36.34,-282.7,
5.530,2695,0.0,37.92,82.7,
5.540,2695,0.0,39.02,103.4,
5.554,2632,0.0,40.27,124.1,
5.560,2632,0.0,38.75,-103.4,
5.570,2664,0.0,37.02,-165.5,
5.580,2664,0.0,39.02,137.9,
5.590,2626,0.0,40.40,137.9,
5.600,2626,0.0,40.95,62.1,
5.611,2711,0.0,37.02,-317.2,
5.620,2711,0.0,38.61,82.7,
5.630,2711,0.0,39.85,117.2,
5.640,2682,0.0,40.95,110.3,
5.650,2682,0.0,38.33,-199.9,
5.660,2779,0.0,37.51,-103.4,
5.670,2779,0.0,39.71,165.5,
5.680,2768,0.0,40.68,103.4,
5.691,2768,0.0,39.44,-82.7,
5.700,2891,0.0,37.37,-186.2,
5.710,2891,0.0,39.30,124.1,
5.720,2862,0.0,40.40,110.3,
5.730,2862,0.0,40.68,41.4,
5.740,2950,0.0,36.75,-324.1,
5.750,2950,0.0,39.16,144.8,
5.760,2921,0.0,40.40,131.0,
5.770,2921,0.0,40.13,0.0,
5.780,3007,0.0,36.75,-282.7,
5.790,3007,0.0,38.89,131.0,
5.801,2935,0.0,40.13,124.1,
5.810,2935,0.0,40.82,75.8,
5.820,2934,0.0,37.02,-303.4,
5.830,2934,0.0,38.61,82.7,
5.841,2879,0.0,39.71,103.4,
5.850,2879,0.0,40.95,124.1,
5.861,2917,0.0,37.09,-303.4,
5.870,2917,0.0,38.47,68.9,
5.883,2853,0.0,39.85,131.0,
5.890,2853,0.0,41.09,124.1,
5.900,2853,0.0,37.09,-317.2,
5.914,2878,0.0,37.92,20.7,
5.920,2878,0.0,39.44,131.0,
5.930,2853,0.0,40.82,137.9,
5.940,2853,0.0,38.20,-199.9,
5.950,2946,0.0,37.65,-75.8,
5.960,2946,0.0,39.58,144.8,
5.970,2884,0.0,40.68,117.2,
5.980,2884,0.0,38.75,-137.9,
5.990,2907,0.0,37.37,-137.9,
6.000,2907,0.0,39.16,131.0,
6.010,2859,0.0,40.54,137.9,
6.020,2859,0.0,40.13,-13.8,
6.030,2914,0.0,37.09,-262.0,
6.040,2914,0.0,39.16,131.0,
6.050,2862,0.0,40.27,110.3,
6.060,2862,0.0,40.40,27.6,
6.070,2909,0.0,36.75,-303.4,
6.080,2909,0.0,38.89,131.0,
6.090,2860,0.0,40.27,137.9,
6.100,2860,0.0,40.13,13.8,
6.111,2909,0.0,37.23,-234.4,
6.120,2909,0.0,38.75,82.7,
6.131,2882,0.0,39.85,103.4,
6.140,2882,0.0,40.54,75.8,
6.153,2973,0.0,37.09,-275.8,
6.160,2973,0.0,38.33,62.1,
6.173,2913,0.0,39.99,151.7,
6.180,2913,0.0,41.30,137.9,
6.190,2913,0.0,37.09,-330.9,
6.200,2940,0.0,38.20,34.5,
6.210,2940,0.0,39.71,131.0,
6.220,2909,0.0,40.95,124.1,
6.230,2909,0.0,37.92,-234.4,
6.240,2990,0.0,38.06,-34.5,
6.250,2990,0.0,39.44,110.3,
6.261,2928,0.0,40.82,137.9,
6.270,2928,0.0,37.92,-220.6,
6.280,2950,0.0,37.65,-55.2,
6.290,2950,0.0,39.44,137.9,
6.300,2885,0.0,40.54,110.3,
6.310,2885,0.0,38.33,-165.5,
6.320,2899,0.0,37.37,-103.4,
6.330,2899,0.0,39.16,131.0,
6.340,2834,0.0,40.68,144.8,
6.350,2834,0.0,40.13,-13.8,
6.360,2857,0.0,37.02,-268.9,
6.370,2857,0.0,39.30,151.7,
6.383,2824,0.0,40.27,103.4,
6.390,2824,0.0,40.68,55.2,
6.400,2909,0.0,37.09,-289.6,
6.410,2909,0.0,38.75,89.6,
6.421,2817,0.0,40.13,131.0,
6.430,2817,0.0,41.16,103.4,
6.440,2817,0.0,37.51,-289.6,
6.450,2771,0.0,38.33,20.7,
6.460,2771,0.0,39.85,131.0,
6.470,2749,0.0,41.16,131.0,
6.480,2749,0.0,38.89,-172.4,
6.490,2855,0.0,37.78,-117.2,
6.500,2855,0.0,39.71,137.9,
6.510,2791,0.0,41.09,137.9,
6.520,2791,0.0,40.27,-48.3,
6.530,2815,0.0,37.09,-282.7,
6.540,2815,0.0,39.58,158.6,
6.550,2770,0.0,40.82,131.0,
6.560,2770,0.0,40.95,27.6,
6.571,2835,0.0,37.78,-262.0,
6.580,2835,0.0,39.16,75.8,
6.590,2835,0.0,40.40,117.2,
6.603,2784,0.0,41.58,117.2,
6.610,2784,0.0,38.75,-213.7,
6.620,2839,0.0,38.61,-41.4,
6.630,2839,0.0,39.99,110.3,
6.640,2781,0.0,41.30,131.0,
6.650,2781,0.0,40.27,-62.1,
6.660,2823,0.0,38.20,-186.2,
6.670,2823,0.0,39.85,103.4,
6.680,2777,0.0,41.09,124.1,
6.690,2777,0.0,41.30,34.5,
6.700,2845,0.0,37.51,-310.3,
6.710,2845,0.0,39.44,110.3,
6.721,2798,0.0,40.95,144.8,
6.730,2798,0.0,41.58,75.8,
6.743,2858,0.0,37.92,-296.5,
6.750,2858,0.0,39.02,41.4,
6.760,2858,0.0,40.68,144.8,
6.770,2795,0.0,41.71,110.3,
6.780,2795,0.0,38.89,-213.7,
6.790,2827,0.0,38.47,-68.9,
6.800,2827,0.0,40.40,144.8,
6.810,2772,0.0,41.44,110.3,
6.820,2772,0.0,40.27,-75.8,
6.833,2820,0.0,38.06,-199.9,
6.840,2820,0.0,40.13,137.9,
6.850,2750,0.0,41.09,96.5,
6.860,2750,0.0,41.58,55.2,
6.871,2768,0.0,38.06,-282.7,
6.880,2768,0.0,39.58,75.8,
6.890,2768,0.0,40.95,131.0,
6.900,2739,0.0,41.99,103.4,
6.910,2739,0.0,39.30,-206.8,
6.920,2840,0.0,39.02,-55.2,
6.930,2840,0.0,40.54,110.3,
6.940,2774,0.0,41.71,117.2,
6.953,2774,0.0,40.54,-75.8,
6.960,2798,0.0,38.47,-186.2,
6.970,2798,0.0,40.27,117.2,
6.980,2769,0.0,41.44,117.2,
6.990,2769,0.0,41.44,20.7,
7.000,2870,0.0,38.20,-262.0,
7.010,2870,0.0,40.13,117.2,
7.021,2828,0.0,41.44,131.0,
7.030,2828,0.0,42.54,110.3,
7.041,2899,0.0,38.89,-289.6,
7.050,2899,0.0,40.54,89.6,
7.063,2844,0.0,42.13,144.8,
7.071,2844,0.0,43.64,151.7,
7.080,2844,0.0,39.99,-282.7,
7.090,2889,0.0,41.44,68.9,
7.100,2889,0.0,43.78,206.8,
7.111,2848,0.0,46.19,234.4,
7.120,2848,0.0,45.02,-55.2,
7.130,2931,0.0,45.30,6.9,
7.141,2931,0.0,49.44,358.5,
7.150,2854,0.0,52.74,330.9,
7.160,2854,0.0,53.43,110.3,
7.170,2862,0.0,53.50,20.7,
7.181,2862,0.0,58.81,455.1,
7.191,2754,0.0,64.53,551.6,
7.200,2754,0.0,68.05,379.2,
7.211,2715,0.0,65.64,-137.9,
7.220,2715,0.0,72.26,537.8,
7.231,2715,0.0,78.12,579.2,
7.240,2571,0.0,83.77,565.4,
7.250,2571,0.0,83.77,89.6,
7.260,2476,0.0,81.63,-165.5,
7.271,2476,0.0,89.22,613.6,
7.280,2476,0.0,92.87,406.8,
7.290,2359,0.0,95.15,255.1,
7.300,2359,0.0,91.91,-227.5,
7.313,2381,0.0,88.11,-351.6,
7.321,2381,0.0,94.53,489.5,
7.330,2381,0.0,96.25,220.6,
7.340,2485,0.0,95.70,-6.9,
7.353,3060,0.0,87.43,-710.2,
7.361,3060,0.0,92.60,324.1,
7.371,3169,0.0,96.25,365.4,
7.380,3169,0.0,93.15,-206.8,
7.390,3667,0.0,88.39,-434.4,
7.401,3667,0.0,94.53,448.2,
7.410,3773,0.0,93.98,27.6,
7.420,4206,0.0,88.11,-489.5,
7.431,4256,0.0,94.25,441.3,
7.440,4256,0.0,91.63,-151.7,
7.450,4583,0.0,90.67,-103.4,
7.460,4682,0.0,95.29,365.4,
7.470,5047,0.0,88.25,-537.8,
7.481,5092,0.0,95.42,524.0,
7.493,5350,0.0,89.36,-427.5,
7.500,5350,0.0,92.60,199.9,
7.510,5426,0.0,90.67,-124.1,
7.520,5722,0.0,90.67,-20.7,
7.530,5787,0.0,91.63,68.9,
7.540,6055,0.0,90.05,-117.2,
7.551,6131,0.0,90.60,20.7,
7.563,6488,0.0,90.46,0.0,
7.571,6767,0.0,89.77,-55.2,
7.580,6831,0.0,90.80,68.9,
7.590,7096,0.0,87.84,-234.4,
7.600,7167,0.0,89.91,131.0,
7.613,7522,0.0,86.87,-234.4,
7.620,7793,0.0,85.01,-193.1,
7.631,7843,0.0,90.32,413.7,
7.643,8150,0.0,83.08,-551.6,
7.650,8406,0.0,84.46,34.5,
7.661,8482,0.0,90.05,475.7,
7.674,8820,0.0,86.60,-213.7,
7.680,9061,0.0,84.05,-248.2,
7.690,9380,0.0,86.39,151.7,
7.703,9667,0.0,82.67,-282.7,
7.711,9725,0.0,86.74,296.5,
7.720,9957,0.0,85.98,-13.8,
7.733,10190,0.0,78.46,-641.2,
7.741,10375,0.0,86.46,579.2,
7.750,10620,0.0,81.63,-317.2,
7.761,10845,0.0,87.29,427.5,
7.773,10701,0.0,80.12,-537.8,
7.781,10615,0.0,86.12,420.6,
7.794,10484,0.0,87.70,199.9,
7.800,10359,0.0,85.01,-193.1,
7.813,10231,0.0,76.46,-758.4,
7.821,10190,0.0,90.05,1034.2,
7.830,10064,0.0,79.84,-703.3,
7.843,9940,0.0,82.53,117.2,
7.851,9914,0.0,90.60,703.3,
7.860,10006,0.0,85.15,-351.6,
7.873,10248,0.0,80.94,-406.8,
7.880,10416,0.0,80.94,-62.1,
7.890,10650,0.0,80.67,-34.5,
7.904,10877,0.0,85.56,406.8,
7.911,10739,0.0,84.18,-55.2,
7.923,10610,0.0,78.46,-496.4,
7.931,10526,0.0,85.84,544.7,
7.940,10404,0.0,84.74,-6.9,
7.951,10278,0.0,83.50,-110.3,
7.960,10238,0.0,83.63,-13.8,
7.970,10116,0.0,81.50,-186.2,
7.981,9993,0.0,89.22,620.5,
7.990,10006,0.0,81.22,-579.2,
8.001,10180,0.0,85.98,310.3,
8.010,10443,0.0,86.46,82.7,
8.024,10630,0.0,79.15,-606.7,
8.033,10917,0.0,82.81,213.7,
8.040,11083,0.0,82.67,27.6,
8.050,10948,0.0,78.60,-337.8,
8.061,10822,0.0,87.15,668.8,
8.071,10699,0.0,83.91,-165.5,
8.083,10575,0.0,79.98,-358.5,
8.091,10499,0.0,87.70,599.8,
8.100,10373,0.0,85.29,-103.4,
8.111,10252,0.0,83.08,-206.8,
8.120,10211,0.0,84.32,68.9,
8.130,10089,0.0,82.81,-110.3,
8.141,9968,0.0,85.15,172.4,
8.150,9896,0.0,82.67,-179.3,
8.160,9957,0.0,87.70,399.9,
8.171,10245,0.0,84.05,-248.2,
8.183,10504,0.0,84.32,-20.7,
8.190,10686,0.0,85.84,117.2,
8.200,10919,0.0,82.81,-234.4,
8.210,10781,0.0,84.60,110.3,
8.221,10655,0.0,81.77,-213.7,
8.230,10573,0.0,82.81,48.3,
8.241,10452,0.0,85.70,255.1,
8.250,10330,0.0,86.46,103.4,
8.263,10288,0.0,79.15,-599.8,
8.273,10167,0.0,87.15,579.2,
8.280,10046,0.0,80.39,-482.6,
8.291,9925,0.0,83.63,193.1,
8.301,9848,0.0,91.91,737.7,
8.310,9868,0.0,85.70,-406.8,
8.323,10105,0.0,80.81,-475.7,
8.331,10278,0.0,87.56,496.4,
8.340,10531,0.0,80.25,-544.7,
8.351,10742,0.0,88.25,592.9,
8.363,10605,0.0,80.94,-530.9,
8.371,10523,0.0,87.98,510.2,
8.384,10395,0.0,87.15,13.8,
8.391,10276,0.0,81.36,-482.6,
8.403,10155,0.0,82.81,41.4,
8.410,10112,0.0,83.22,41.4,
8.421,9991,0.0,87.01,324.1,
8.433,10004,0.0,81.36,-420.6,
8.441,10020,0.0,86.87,399.9,
8.450,10187,0.0,87.15,82.7,
8.463,10407,0.0,80.53,-544.7,
8.470,10578,0.0,81.36,-13.8,
8.480,10817,0.0,79.29,-179.3,
8.495,10683,0.0,82.67,255.1,
8.501,10598,0.0,83.08,75.8,
8.510,10472,0.0,82.94,6.9,
8.521,10349,0.0,89.22,537.8,
8.530,10227,0.0,84.74,-296.5,
8.543,10107,0.0,80.25,-427.5,
8.551,10062,0.0,87.84,572.3,
8.560,9944,0.0,80.67,-517.1,
8.573,10064,0.0,82.94,110.3,
8.581,10105,0.0,88.94,524.0,
8.590,10325,0.0,83.63,-365.4,
8.601,10546,0.0,83.36,-75.8,
8.616,10770,0.0,80.67,-241.3,
8.623,10938,0.0,82.32,96.5,
8.630,10799,0.0,79.84,-186.2,
8.641,10673,0.0,85.43,434.4,
8.651,10548,0.0,84.60,0.0,
8.660,10469,0.0,84.32,-20.7,
8.670,10347,0.0,87.01,220.6,
8.680,10224,0.0,85.43,-96.5,
8.693,10101,0.0,80.12,-468.8,
8.701,10060,0.0,88.39,627.4,
8.710,9940,0.0,82.53,-399.9,
8.723,10197,0.0,83.77,41.4,
8.731,10234,0.0,88.94,441.3,
8.744,10433,0.0,82.32,-489.5,
8.751,10620,0.0,82.53,-62.1,
8.763,10678,0.0,78.74,-330.9,
8.771,10625,0.0,85.84,544.7,
8.780,10499,0.0,82.67,-186.2,
8.791,10375,0.0,88.39,448.2,
8.803,10255,0.0,79.01,-723.9,
8.811,10174,0.0,87.70,627.4,
8.820,10053,0.0,83.36,-268.9,
8.833,9933,0.0,79.29,-386.1,
8.841,9887,0.0,85.01,420.6,
8.850,10105,0.0,79.01,-434.4,
8.861,10295,0.0,79.84,0.0,
8.870,10354,0.0,80.94,89.6,
8.880,10585,0.0,80.67,-6.9,
8.890,10671,0.0,77.29,-289.6,
8.901,10536,0.0,70.88,-592.9,
8.910,10487,0.0,73.22,103.4,
8.920,10363,0.0,66.53,-544.7,
8.931,10243,0.0,74.95,627.4,
8.943,10119,0.0,64.95,-751.5,
8.951,10044,0.0,69.29,248.2,
8.960,9982,0.0,66.67,-179.3,
8.973,10073,0.0,58.40,-730.8,
8.983,10222,0.0,63.16,289.6,
8.990,10392,0.0,56.26,-537.8,
9.001,10533,0.0,54.61,-220.6,
9.013,10666,0.0,49.71,-448.2,
9.021,10593,0.0,53.50,248.2,
9.030,10460,0.0,48.81,-351.6,
9.041,10330,0.0,45.92,-296.5,
9.050,10281,0.0,46.75,20.7,
9.060,10155,0.0,42.26,-372.3,
9.071,10035,0.0,45.37,199.9,
9.080,9986,0.0,41.99,-248.2,
9.094,9982,0.0,40.82,-137.9,
9.103,10073,0.0,38.33,-227.5,
9.113,10139,0.0,37.23,-124.1,
9.120,10199,0.0,34.82,-220.6,
9.130,10248,0.0,33.85,-110.3,
9.141,10248,0.0,30.47,-303.4,
9.150,10231,0.0,32.82,144.8,
9.160,10224,0.0,29.65,-241.3,
9.171,10183,0.0,26.68,-289.6,
9.180,10187,0.0,26.27,-82.7,
9.190,10105,0.0,23.58,-241.3,
9.201,10011,0.0,23.58,-41.4,
9.214,9951,0.0,21.93,-144.8,
9.223,9833,0.0,22.61,27.6,
9.231,9704,0.0,19.93,-220.6,
9.240,9638,0.0,20.34,0.0,
9.250,9513,0.0,18.27,-172.4,
9.260,9457,0.0,18.55,-6.9,
9.270,9334,0.0,18.13,-41.4,
9.283,9211,0.0,14.75,-289.6,
9.290,9144,0.0,16.27,75.8,
9.303,9019,0.0,14.75,-110.3,
9.310,8960,0.0,15.31,20.7,
9.323,8835,0.0,14.75,-34.5,
9.330,8765,0.0,14.07,-62.1,
9.340,8707,0.0,14.20,-6.9,
9.354,8577,0.0,12.55,-144.8,
9.360,8505,0.0,12.82,-6.9,
9.371,8373,0.0,11.24,-137.9,
9.380,8313,0.0,11.93,34.5,
9.390,8241,0.0,10.14,-144.8,
9.401,8105,0.0,11.79,110.3,
9.410,8042,0.0,10.69,-68.9,
9.420,7967,0.0,9.31,-131.0,
9.431,7827,0.0,10.69,96.5,
9.440,7763,0.0,10.00,-34.5,
9.450,7685,0.0,8.62,-124.1,
9.463,7541,0.0,10.27,117.2,
9.470,7477,0.0,9.45,-48.3,
9.480,7396,0.0,9.03,-48.3,
9.491,7332,0.0,10.69,124.1,
9.500,7251,0.0,8.89,-131.0,
9.511,7105,0.0,9.45,20.7,
9.520,7042,0.0,10.69,110.3,
9.530,6958,0.0,8.62,-151.7,
9.540,6895,0.0,10.14,96.5,
9.550,6811,0.0,8.48,-117.2,
9.560,6747,0.0,10.55,151.7,
9.570,6663,0.0,10.00,-13.8,
9.580,6597,0.0,9.03,-82.7,
9.593,6446,0.0,9.72,41.4,
9.601,6360,0.0,9.72,6.9,
9.611,6292,0.0,10.27,48.3,
9.621,6202,0.0,10.27,13.8,
9.630,6134,0.0,11.24,82.7,
9.640,6043,0.0,10.55,-41.4,
9.651,5972,0.0,11.10,34.5,
9.661,5877,0.0,11.51,41.4,
9.671,5806,0.0,11.93,41.4,
9.681,5707,0.0,12.82,82.7,
9.693,5634,0.0,12.41,-20.7,
9.700,5634,0.0,12.41,-6.9,
9.710,5532,0.0,12.82,27.6,
9.720,5457,0.0,13.79,82.7,
9.730,5350,0.0,13.51,-6.9,
9.740,5273,0.0,14.62,82.7,
9.750,5162,0.0,13.65,-62.1,
9.760,5083,0.0,15.17,110.3,
9.773,4967,0.0,15.17,20.7,
9.780,4967,0.0,14.89,-13.8,
9.790,4887,0.0,16.13,96.5,
9.800,4770,0.0,14.62,-103.4,
9.810,4686,0.0,16.41,131.0,
9.820,4686,0.0,16.27,13.8,
9.830,4567,0.0,16.00,-13.8,
9.840,4479,0.0,17.44,110.3,
9.850,4357,0.0,16.13,-89.6,
9.860,4357,0.0,17.03,62.1,
9.870,4266,0.0,18.41,131.0,
9.880,4137,0.0,16.00,-179.3,
9.890,4137,0.0,18.00,137.9,
9.900,4057,0.0,19.37,137.9,
9.910,3955,0.0,16.75,-199.9,
9.920,3955,0.0,18.55,117.2,
9.930,3884,0.0,19.93,137.9,
9.940,3819,0.0,17.58,-172.4,
9.950,3819,0.0,18.82,75.8,
9.960,3729,0.0,20.06,117.2,
9.975,3729,0.0,19.10,-55.2,
9.980,3600,0.0,19.37,6.9,
9.990,3538,0.0,20.82,124.1,
10.000,3538,0.0,20.82,20.7,
10.010,3500,0.0,19.93,-68.9,
10.020,3500,0.0,21.10,82.7,
10.030,3423,0.0,22.34,117.2,
10.040,3423,0.0,21.37,-55.2,
10.050,3336,0.0,21.51,-6.9,
10.061,3252,0.0,23.30,144.8,
10.070,3252,0.0,23.99,82.7,
10.081,3154,0.0,22.20,-137.9,
10.090,3154,0.0,23.86,117.2,
10.100,3079,0.0,24.89,103.4,
10.110,3079,0.0,25.17,41.4,
10.120,3020,0.0,23.58,-124.1,
10.130,3020,0.0,25.17,110.3,
10.140,2955,0.0,26.27,110.3,
10.150,2955,0.0,27.37,110.3,
10.161,2910,0.0,24.89,-186.2,
10.170,2910,0.0,26.41,89.6,
10.183,2849,0.0,27.51,103.4,
10.190,2849,0.0,28.82,131.0,
10.201,2849,0.0,25.99,-213.7,
10.210,2825,0.0,26.96,41.4,
10.220,2825,0.0,28.34,124.1,
10.230,2788,0.0,29.65,131.0,
10.240,2788,0.0,28.75,-55.2,
10.250,2817,0.0,27.65,-103.4,
10.260,2817,0.0,29.23,110.3,
10.270,2760,0.0,30.61,137.9,
10.280,2760,0.0,30.89,41.4,
10.290,2762,0.0,28.20,-220.6,
10.300,2762,0.0,29.79,96.5,
10.313,2696,0.0,31.16,137.9,
10.320,2696,0.0,32.54,137.9,
10.330,2696,0.0,29.79,-213.7,
10.340,2692,0.0,30.20,0.0,
10.350,2692,0.0,31.72,124.1,
10.360,2656,0.0,32.82,110.3,
10.370,2656,0.0,32.68,13.8,
10.380,2711,0.0,30.06,-213.7,
10.390,2711,0.0,32.13,137.9,
10.401,2677,0.0,33.58,137.9,
10.410,2677,0.0,34.82,124.1,
10.420,2677,0.0,31.44,-262.0,
10.434,2736,0.0,32.41,34.5,
10.440,2736,0.0,33.58,103.4,
10.450,2705,0.0,34.96,137.9,
10.460,2705,0.0,33.85,-68.9,
10.470,2771,0.0,32.41,-131.0,
10.480,2771,0.0,33.85,96.5,
10.490,2738,0.0,35.09,124.1,
10.500,2738,0.0,36.06,96.5,
10.510,2803,0.0,32.68,-262.0,
10.520,2803,0.0,34.13,75.8,
10.533,2748,0.0,35.23,103.4,
10.540,2748,0.0,36.61,137.9,
10.550,2748,0.0,33.44,-248.2,
10.560,2778,0.0,33.99,0.0,
10.570,2778,0.0,35.51,124.1,
10.580,2753,0.0,36.75,124.1,
10.590,2753,0.0,35.78,-55.2,
10.600,2836,0.0,33.99,-165.5,
10.610,2836,0.0,35.65,110.3,
10.620,2789,0.0,36.89,124.1,
10.630,2789,0.0,37.09,34.5,
10.640,2832,0.0,33.85,-262.0,
10.650,2832,0.0,35.65,110.3,
10.661,2832,0.0,37.02,137.9,
10.670,2800,0.0,37.78,82.7,
10.681,2872,0.0,34.40,-268.9,
10.690,2872,0.0,35.65,62.1,
10.700,2872,0.0,37.09,131.0,
10.710,2853,0.0,38.20,110.3,
10.720,2853,0.0,34.68,-275.8,
10.730,2943,0.0,35.65,34.5,
10.740,2943,0.0,37.02,124.1,
10.750,2885,0.0,38.33,131.0,
10.760,2885,0.0,35.78,-193.1,
10.770,2907,0.0,35.37,-68.9,
10.780,2907,0.0,37.23,137.9,
10.790,2858,0.0,38.20,96.5,
10.800,2858,0.0,37.23,-55.2,
10.810,2899,0.0,35.37,-165.5,
10.820,2899,0.0,37.02,110.3,
10.830,2852,0.0,38.33,131.0,
10.840,2852,0.0,37.78,-20.7,
10.850,2901,0.0,34.96,-241.3,
10.860,2901,0.0,37.37,158.6,
10.870,2843,0.0,38.33,103.4,
10.881,2843,0.0,38.89,62.1,
10.890,2867,0.0,35.51,-268.9,
10.900,2867,0.0,37.02,82.7,
10.911,2825,0.0,38.20,110.3,
10.920,2825,0.0,39.02,89.6,
10.933,2887,0.0,35.78,-255.1,
10.940,2887,0.0,36.89,48.3,
10.950,2887,0.0,38.33,131.0,
10.960,2797,0.0,39.58,124.1,
10.970,2797,0.0,37.09,-186.2,
10.980,2757,0.0,36.20,-110.3,
10.990,2757,0.0,38.33,158.6,
11.000,2705,0.0,39.44,117.2,
11.010,2705,0.0,39.71,41.4,
11.020,2758,0.0,35.92,-310.3,
11.030,2758,0.0,37.92,117.2,
11.041,2719,0.0,39.30,137.9,
11.050,2719,0.0,40.54,124.1,
11.060,2719,0.0,36.89,-289.6,
11.070,2791,0.0,37.65,13.8,
11.080,2791,0.0,39.02,124.1,
11.090,2762,0.0,40.40,137.9,
11.103,2762,0.0,38.20,-165.5,
11.110,2850,0.0,37.09,-117.2,
11.120,2850,0.0,39.02,137.9,
11.130,2794,0.0,40.40,137.9,
11.140,2794,0.0,39.58,-48.3,
11.150,2830,0.0,36.61,-262.0,
11.160,2830,0.0,39.02,158.6,
11.170,2806,0.0,39.99,103.4,
11.180,2806,0.0,40.54,62.1,
11.190,2904,0.0,37.02,-282.7,
11.200,2904,0.0,38.61,82.7,
11.216,2846,0.0,39.85,117.2,
11.221,2846,0.0,40.54,75.8,
11.233,2881,0.0,37.09,-275.8,
11.240,2881,0.0,38.20,48.3,
11.250,2881,0.0,39.85,151.7,
11.260,2822,0.0,40.95,117.2,
11.270,2822,0.0,38.06,-220.6,
11.280,2852,0.0,37.65,-68.9,
11.290,2852,0.0,39.58,144.8,
11.300,2807,0.0,40.68,117.2,
11.310,2807,0.0,39.30,-96.5,
11.320,2871,0.0,37.65,-158.6,
11.330,2871,0.0,39.30,110.3,
11.344,2799,0.0,40.54,124.1,
11.350,2799,0.0,40.82,41.4,
11.360,2802,0.0,37.09,-303.4,
11.370,2802,0.0,38.89,103.4,
11.381,2780,0.0,40.40,144.8,
11.390,2780,0.0,41.09,82.7,
11.403,2880,0.0,37.65,-275.8,
11.410,2880,0.0,38.89,62.1,
11.420,2880,0.0,40.68,165.5,
11.430,2834,0.0,41.85,124.1,
11.440,2834,0.0,39.30,-193.1,
11.450,2896,0.0,39.44,-27.6,
11.460,2896,0.0,41.09,131.0,
11.471,2836,0.0,42.82,165.5,
11.480,2836,0.0,41.16,-110.3,
11.490,2865,0.0,40.54,-68.9,
11.501,2865,0.0,43.37,220.6,
11.511,2831,0.0,45.78,234.4,
11.520,2831,0.0,46.19,75.8,
11.530,2925,0.0,44.20,-151.7,
11.541,2925,0.0,47.85,282.7,
11.550,2840,0.0,50.68,282.7,
11.560,2840,0.0,52.61,206.8,
11.570,2825,0.0,50.12,-172.4,
11.581,2825,0.0,53.92,289.6,
11.594,2740,0.0,58.12,399.9,
11.601,2740,0.0,62.33,413.7,
11.610,2740,0.0,58.67,-248.2,
11.621,2754,0.0,62.05,241.3,
11.631,2754,0.0,66.95,455.1,
11.641,2627,0.0,71.71,468.8,
11.650,2627,0.0,73.50,227.5,
11.661,2547,0.0,69.84,-275.8,
11.671,2547,0.0,75.77,461.9,
11.681,2547,0.0,80.53,475.7,
11.690,2475,0.0,84.46,406.8,
11.700,2475,0.0,82.94,-62.1,
11.710,2559,0.0,80.25,-241.3,
11.721,2559,0.0,86.46,482.6,
11.730,2631,0.0,89.77,351.6,
11.740,2631,0.0,90.94,151.7,
11.750,3064,0.0,84.18,-544.7,
11.761,3064,0.0,88.94,317.2,
11.771,3182,0.0,92.73,365.4,
11.780,3182,0.0,88.80,-275.8,
11.794,3661,0.0,87.43,-158.6,
11.801,3749,0.0,91.63,324.1,
11.810,3749,0.0,89.91,-89.6,
11.820,4149,0.0,86.87,-268.9,
11.831,4239,0.0,91.22,324.1,
11.843,4605,0.0,86.87,-310.3,
11.850,4605,0.0,88.39,75.8,
11.860,4672,0.0,90.67,206.8,
11.870,4983,0.0,85.29,-420.6,
11.881,5051,0.0,91.77,475.7,
11.890,5333,0.0,85.56,-448.2,
11.901,5401,0.0,90.18,317.2,
11.913,5401,0.0,87.01,-220.6,
11.920,5670,0.0,89.22,151.7,
11.933,6024,0.0,87.29,-131.0,
11.941,6080,0.0,88.39,68.9,
11.951,6327,0.0,86.25,-165.5,
11.960,6399,0.0,86.39,-20.7,
11.970,6671,0.0,83.22,-275.8,
11.981,6744,0.0,90.32,558.5,
11.990,7012,0.0,81.36,-668.8,
12.000,7085,0.0,82.67,6.9,
12.013,7428,0.0,85.56,248.2,
12.024,7694,0.0,82.19,-241.3,
12.030,7739,0.0,84.18,124.1,
12.043,8012,0.0,83.91,0.0,
12.050,8246,0.0,79.15,-399.9,
12.060,8316,0.0,80.67,62.1,
12.070,8630,0.0,78.46,-172.4,
12.080,8865,0.0,77.15,-137.9,
12.090,9164,0.0,77.57,13.8,
12.100,9232,0.0,79.84,199.9,
12.110,9507,0.0,77.29,-179.3,
12.123,9767,0.0,76.46,-96.5,
12.131,9955,0.0,79.70,248.2,
12.144,10194,0.0,73.22,-503.3,
12.151,10416,0.0,75.50,117.2,
12.160,10467,0.0,74.81,-34.5,
12.170,10681,0.0,77.15,186.2,
12.180,10752,0.0,75.91,-68.9,
12.191,10608,0.0,77.01,75.8,
12.203,10477,0.0,76.46,-27.6,
12.211,10435,0.0,80.12,303.4,
12.220,10309,0.0,73.64,-496.4,
12.231,10190,0.0,82.05,634.3,
12.240,10112,0.0,79.29,-137.9,
12.250,9991,0.0,83.36,324.1,
12.265,9905,0.0,81.63,-89.6,
12.270,9911,0.0,78.32,-289.6,
12.280,10169,0.0,80.81,158.6,
12.291,10426,0.0,82.39,158.6,
12.303,10658,0.0,74.39,-648.1,
12.311,10719,0.0,78.74,262.0,
12.320,10799,0.0,79.57,110.3,
12.330,10660,0.0,81.22,158.6,
12.341,10533,0.0,77.70,-268.9,
12.351,10491,0.0,81.08,241.3,
12.360,10371,0.0,73.91,-565.4,
12.371,10250,0.0,85.98,930.8,
12.383,10130,0.0,76.88,-627.4,
12.391,10051,0.0,84.60,558.5,
12.400,9931,0.0,81.91,-137.9,
12.413,9960,0.0,77.01,-434.4,
12.421,10153,0.0,84.05,524.0,
12.430,10380,0.0,79.43,-303.4,
12.441,10618,0.0,80.12,6.9,
12.453,10822,0.0,77.70,-193.1,
12.461,10739,0.0,83.36,441.3,
12.470,10605,0.0,79.98,-213.7,
12.484,10477,0.0,81.50,89.6,
12.493,10361,0.0,80.12,-103.4,
12.501,10318,0.0,84.05,310.3,
12.510,10199,0.0,78.88,-386.1,
12.521,10080,0.0,80.53,75.8,
12.531,10004,0.0,84.32,330.9,
12.540,9964,0.0,82.19,-124.1,
12.551,10101,0.0,81.36,-89.6,
12.560,10276,0.0,81.22,-20.7,
12.570,10523,0.0,79.43,-158.6,
12.580,10760,0.0,81.08,110.3,
12.591,10628,0.0,79.29,-131.0,
12.601,10548,0.0,79.29,-20.7,
12.611,10421,0.0,82.67,275.8,
12.620,10302,0.0,85.01,234.4,
12.633,10185,0.0,75.77,-737.7,
12.641,10144,0.0,86.39,779.1,
12.650,10024,0.0,76.60,-710.2,
12.663,9907,0.0,79.70,151.7,
12.671,9909,0.0,87.84,717.1,
12.680,10042,0.0,81.36,-434.4,
12.691,10243,0.0,78.74,-289.6,
12.700,10375,0.0,78.74,-48.3,
12.710,10625,0.0,77.98,-75.8,
12.725,10851,0.0,81.91,317.2,
12.731,10773,0.0,82.32,82.7,
12.743,10593,0.0,79.43,-227.5,
12.751,10514,0.0,86.46,558.5,
12.760,10395,0.0,82.53,-241.3,
12.771,10273,0.0,79.70,-275.8,
12.780,10231,0.0,82.39,186.2,
12.790,10114,0.0,79.15,-234.4,
12.801,9995,0.0,83.63,337.8,
12.810,9997,0.0,79.43,-296.5,
12.821,10123,0.0,85.15,434.4,
12.831,10342,0.0,80.12,-358.5,
12.843,10580,0.0,75.22,-468.8,
12.853,10752,0.0,82.32,524.0,
12.861,10618,0.0,79.29,-172.4,
12.871,10496,0.0,86.25,558.5,
12.883,10373,0.0,80.12,-427.5,
12.890,10292,0.0,82.67,144.8,
12.900,10174,0.0,82.81,34.5,
12.911,10055,0.0,82.81,6.9,
12.920,10013,0.0,81.08,-137.9,
12.930,9896,0.0,81.50,13.8,
12.941,10031,0.0,83.50,172.4,
12.950,10078,0.0,81.77,-117.2,
12.964,10281,0.0,86.39,365.4,
12.973,10467,0.0,79.43,-530.9,
12.983,10681,0.0,73.64,-572.3,
12.991,10851,0.0,80.39,482.6,
13.000,10716,0.0,76.88,-220.6,
13.010,10590,0.0,77.01,-27.6,
13.021,10469,0.0,80.67,303.4,
13.030,10390,0.0,79.57,-41.4,
13.041,10269,0.0,85.01,455.1,
13.050,10151,0.0,83.91,-20.7,
13.063,10028,0.0,77.29,-565.4,
13.071,9988,0.0,85.01,565.4,
13.080,10028,0.0,83.36,-48.3,
13.093,10288,0.0,77.84,-482.6,
13.101,10318,0.0,83.77,427.5,
13.110,10531,0.0,79.98,-248.2,
13.120,10773,0.0,78.46,-165.5,
13.131,10856,0.0,75.08,-310.3,
13.143,10721,0.0,79.43,317.2,
13.150,10676,0.0,80.39,124.1,
13.160,10555,0.0,78.32,-151.7,
13.171,10435,0.0,82.53,324.1,
13.180,10354,0.0,76.88,-420.6,
13.194,10236,0.0,84.74,592.9,
13.204,10114,0.0,82.94,-62.1,
13.213,9995,0.0,76.46,-558.5,
13.221,9953,0.0,82.67,434.4,
13.230,9984,0.0,82.05,20.7,
13.243,10243,0.0,75.08,-579.2,
13.250,10290,0.0,77.43,103.4,
13.260,10511,0.0,76.74,-34.5,
13.271,10734,0.0,72.81,-337.8,
13.281,10812,0.0,68.33,-434.4,
13.291,10752,0.0,71.71,213.7,
13.300,10625,0.0,67.09,-351.6,
13.314,10504,0.0,71.02,275.8,
13.321,10383,0.0,68.19,-193.1,
13.330,10311,0.0,63.29,-448.2,
13.341,10190,0.0,66.67,213.7,
13.351,10071,0.0,61.29,-420.6,
13.360,10022,0.0,60.47,-137.9,
13.370,9905,0.0,58.26,-206.8,
13.381,10069,0.0,57.23,-117.2,
13.390,10103,0.0,53.30,-351.6,
13.400,10259,0.0,53.64,-27.6,
13.410,10395,0.0,50.54,-268.9,
13.423,10511,0.0,42.95,-682.6,
13.433,10598,0.0,45.92,144.8,
13.440,10699,0.0,40.95,-393.0,
13.450,10570,0.0,44.06,199.9,
13.461,10443,0.0,41.44,-186.2,
13.470,10373,0.0,37.78,-344.7,
13.481,10252,0.0,41.30,241.3,
13.491,10132,0.0,36.47,-365.4,
13.503,10017,0.0,37.23,6.9,
13.510,9960,0.0,33.72,-289.6,
13.521,10044,0.0,36.61,193.1,
13.533,10053,0.0,31.99,-351.6,
13.540,10051,0.0,31.85,-62.1,
13.551,10071,0.0,30.75,-103.4,
13.563,10080,0.0,27.23,-317.2,
13.571,10073,0.0,27.23,-48.3,
13.580,10033,0.0,27.92,41.4,
13.593,10006,0.0,24.89,-248.2,
13.600,9955,0.0,27.51,179.3,
13.610,9861,0.0,26.13,-89.6,
13.620,9801,0.0,24.89,-117.2,
13.630,9677,0.0,24.55,-48.3,
13.641,9554,0.0,24.55,-13.8,
13.650,9493,0.0,25.44,68.9,
13.660,9373,0.0,24.68,-48.3,
13.670,9309,0.0,24.55,-20.7,
13.683,9189,0.0,22.75,-158.6,
13.690,9127,0.0,24.68,131.0,
13.700,9003,0.0,23.44,-82.7,
13.710,8940,0.0,23.17,-34.5,
13.720,8814,0.0,22.75,-41.4,
13.730,8753,0.0,22.20,-48.3,
13.741,8623,0.0,22.34,-6.9,
13.750,8556,0.0,22.48,0.0,
13.763,8425,0.0,21.93,-41.4,
13.770,8362,0.0,22.34,27.6,
13.780,8291,0.0,19.93,-193.1,
13.791,8158,0.0,22.06,144.8,
13.800,8089,0.0,21.24,-41.4,
13.810,8019,0.0,18.82,-206.8,
13.821,7880,0.0,22.75,296.5,
13.830,7815,0.0,20.96,-103.4,
13.840,7739,0.0,18.82,-199.9,
13.853,7602,0.0,21.65,199.9,
13.860,7536,0.0,20.48,-62.1,
13.870,7462,0.0,20.55,-13.8,
13.880,7395,0.0,20.20,-34.5,
13.890,7321,0.0,20.34,0.0,
13.901,7181,0.0,20.96,48.3,
13.910,7115,0.0,19.79,-82.7,
13.924,7040,0.0,19.10,-68.9,
13.930,6973,0.0,21.51,186.2,
13.940,6897,0.0,18.82,-193.1,
13.950,6829,0.0,19.65,34.5,
13.963,6686,0.0,20.55,82.7,
13.971,6606,0.0,19.10,-103.4,
13.981,6539,0.0,19.37,0.0,
13.990,6459,0.0,17.44,-158.6,
14.000,6390,0.0,20.68,241.3,
14.010,6308,0.0,18.96,-103.4,
14.020,6239,0.0,21.65,206.8,
14.030,6154,0.0,20.06,-96.5,
14.041,6084,0.0,21.37,89.6,
14.050,5995,0.0,19.79,-117.2,
14.060,5923,0.0,20.96,75.8,
14.070,5832,0.0,20.34,-34.5,
14.080,5758,0.0,21.51,89.6,
14.090,5663,0.0,19.10,-186.2,
14.100,5588,0.0,21.65,179.3,
14.111,5489,0.0,20.48,-68.9,
14.123,5412,0.0,21.24,48.3,
14.130,5412,0.0,20.82,-20.7,
14.140,5308,0.0,20.96,0.0,
14.150,5230,0.0,23.17,186.2,
14.161,5123,0.0,20.68,-172.4,
14.170,5043,0.0,22.89,158.6,
14.181,4934,0.0,22.34,-13.8,
14.190,4934,0.0,22.48,0.0,
14.200,4852,0.0,22.89,34.5,
14.210,4741,0.0,21.93,-68.9,
14.220,4657,0.0,23.72,137.9,
14.233,4544,0.0,22.48,-82.7,
14.240,4544,0.0,22.89,20.7,
14.250,4457,0.0,24.68,158.6,
14.260,4341,0.0,22.61,-144.8,
14.270,4341,0.0,23.72,62.1,
14.280,4250,0.0,24.75,96.5,
14.293,4125,0.0,22.61,-158.6,
14.300,4125,0.0,24.68,144.8,
14.310,4030,0.0,25.17,62.1,
14.320,3901,0.0,23.17,-151.7,
14.330,3901,0.0,25.17,137.9,
14.340,3800,0.0,26.27,110.3,
14.351,3667,0.0,23.99,-172.4,
14.360,3667,0.0,25.17,68.9,
14.370,3568,0.0,26.54,131.0,
14.380,3568,0.0,26.54,20.7,
14.390,3439,0.0,25.17,-110.3,
14.400,3439,0.0,27.37,165.5,
14.411,3334,0.0,28.48,117.2,
14.423,3194,0.0,26.54,-137.9,
14.430,3194,0.0,27.51,55.2,
14.443,3083,0.0,29.10,144.8,
14.450,3083,0.0,30.61,151.7,
14.463,2933,0.0,27.92,-199.9,
14.470,2933,0.0,29.10,62.1,
14.480,2933,0.0,30.75,151.7,
14.490,2843,0.0,32.27,151.7,
14.500,2843,0.0,30.75,-96.5,
14.510,2768,0.0,29.92,-89.6,
14.520,2768,0.0,31.99,158.6,
14.530,2690,0.0,33.16,124.1,
14.540,2690,0.0,33.30,27.6,
14.550,2651,0.0,30.75,-206.8,
14.560,2651,0.0,32.54,117.2,
14.570,2651,0.0,33.72,117.2,
14.580,2553,0.0,35.23,144.8,
14.590,2553,0.0,34.54,-27.6,
14.600,2486,0.0,32.41,-186.2,
14.610,2486,0.0,34.82,165.5,
14.620,2486,0.0,35.78,103.4,
14.630,2445,0.0,37.09,131.0,
14.643,2445,0.0,35.37,-124.1,
14.650,2510,0.0,34.13,-124.1,
14.660,2510,0.0,36.20,151.7,
14.671,2435,0.0,37.65,144.8,
14.680,2435,0.0,38.89,131.0,
14.690,2435,0.0,36.34,-193.1,
14.700,2435,0.0,35.78,-75.8,
14.710,2435,0.0,37.92,165.5,
14.721,2405,0.0,39.16,131.0,
14.730,2405,0.0,40.54,137.9,
14.740,2405,0.0,37.02,-275.8,
14.754,2496,0.0,37.23,-27.6,
14.760,2496,0.0,39.30,165.5,
14.770,2446,0.0,40.40,117.2,
14.780,2446,0.0,41.44,103.4,
14.790,2446,0.0,37.78,-289.6,
14.800,2512,0.0,38.75,27.6,
14.810,2512,0.0,40.40,144.8,
14.820,2499,0.0,41.58,124.1,
14.830,2499,0.0,41.99,55.2,
14.840,2620,0.0,37.92,-330.9,
14.850,2620,0.0,39.99,117.2,
14.860,2620,0.0,41.30,131.0,
14.874,2578,0.0,42.68,137.9,
14.880,2578,0.0,40.27,-179.3,
14.890,2659,0.0,38.89,-144.8,
14.900,2659,0.0,41.16,165.5,
14.910,2634,0.0,42.40,131.0,
14.920,2634,0.0,42.26,13.8,
14.930,2745,0.0,38.89,-275.8,
14.940,2745,0.0,40.68,110.3,
14.953,2738,0.0,41.71,103.4,
14.960,2738,0.0,43.51,172.4,
14.970,2738,0.0,39.16,-337.8,
14.985,2873,0.0,40.13,20.7,
14.991,2873,0.0,41.58,124.1,
15.000,2836,0.0,42.95,137.9,
15.010,2836,0.0,40.40,-193.1,
15.020,2917,0.0,39.44,-110.3,
15.030,2917,0.0,41.58,158.6,
15.040,2888,0.0,42.54,103.4,
15.050,2888,0.0,40.40,-158.6,
15.060,2979,0.0,39.16,-131.0,
15.070,2979,0.0,41.09,137.9,
15.080,2954,0.0,42.40,131.0,
15.090,2954,0.0,40.68,-124.1,
15.101,3047,0.0,39.02,-158.6,
15.110,3047,0.0,40.95,131.0,
15.120,2996,0.0,42.13,117.2,
15.130,2996,0.0,39.71,-179.3,
15.140,3034,0.0,38.89,-96.5,
15.150,3034,0.0,40.95,151.7,
15.160,2988,0.0,42.13,124.1,
15.170,2988,0.0,39.44,-206.8,
15.180,3036,0.0,38.75,-89.6,
15.190,3036,0.0,40.82,158.6,
15.200,2988,0.0,41.99,124.1,
15.210,2988,0.0,39.44,-193.1,
15.220,3035,0.0,38.75,-89.6,
15.230,3035,0.0,40.68,144.8,
15.240,3002,0.0,41.85,124.1,
15.250,3002,0.0,39.71,-158.6,
15.260,3074,0.0,38.89,-96.5,
15.270,3074,0.0,40.54,117.2,
15.280,3030,0.0,41.71,117.2,
15.290,3030,0.0,38.61,-241.3,
15.300,3082,0.0,38.75,-34.5,
15.310,3082,0.0,40.40,131.0,
15.320,3005,0.0,41.71,131.0,
15.334,3005,0.0,38.75,-227.5,
15.341,2979,0.0,38.75,-34.5,
15.350,2979,0.0,40.40,131.0,
15.360,2952,0.0,41.58,117.2,
15.370,2952,0.0,38.61,-227.5,
15.380,3037,0.0,38.61,-34.5,
15.390,3037,0.0,40.40,144.8,
15.400,2984,0.0,41.58,124.1,
15.410,2984,0.0,38.47,-241.3,
15.420,3016,0.0,38.47,-41.4,
15.430,3016,0.0,40.40,151.7,
15.440,2941,0.0,41.44,110.3,
15.451,2941,0.0,39.58,-131.0,
15.460,2928,0.0,38.33,-124.1,
15.470,2928,0.0,40.40,151.7,
15.480,2908,0.0,41.44,110.3,
15.490,2908,0.0,39.16,-172.4,
15.500,3006,0.0,38.33,-96.5,
15.510,3006,0.0,40.27,137.9,
15.520,2955,0.0,41.58,131.0,
15.530,2955,0.0,39.99,-110.3,
15.540,2995,0.0,38.20,-172.4,
15.550,2995,0.0,40.13,131.0,
15.560,2924,0.0,41.44,131.0,
15.571,2924,0.0,39.85,-110.3,
15.580,2922,0.0,38.20,-158.6,
15.590,2922,0.0,39.99,124.1,
15.600,2908,0.0,41.16,117.2,
15.610,2908,0.0,40.68,-13.8,
15.620,3015,0.0,37.78,-248.2,
15.630,3015,0.0,40.13,151.7,
15.640,2939,0.0,41.16,110.3,
15.650,2939,0.0,40.95,6.9,
15.660,2920,0.0,37.51,-282.7,
15.670,2920,0.0,39.99,158.6,
15.683,2843,0.0,41.16,124.1,
15.690,2843,0.0,41.30,27.6,
15.701,2833,0.0,37.92,-275.8,
15.710,2833,0.0,39.58,96.5,
15.723,2785,0.0,40.82,124.1,
15.730,2785,0.0,42.13,131.0,
15.740,2785,0.0,38.20,-310.3,
15.750,2847,0.0,39.02,20.7,
15.760,2847,0.0,40.54,131.0,
15.770,2826,0.0,41.85,131.0,
15.780,2826,0.0,39.85,-144.8,
15.790,2927,0.0,38.61,-131.0,
15.800,2927,0.0,40.54,137.9,
15.810,2875,0.0,41.71,117.2,
15.820,2875,0.0,40.40,-89.6,
15.830,2924,0.0,38.61,-165.5,
15.840,2924,0.0,40.27,110.3,
15.850,2899,0.0,41.44,117.2,
15.860,2899,0.0,40.95,-13.8,
15.870,2993,0.0,38.20,-241.3,
15.880,2993,0.0,40.27,131.0,
15.890,2938,0.0,41.30,103.4,
15.900,2938,0.0,40.82,-13.8,
15.910,2969,0.0,37.78,-262.0,
15.920,2969,0.0,40.27,165.5,
15.930,2896,0.0,41.30,110.3,
15.940,2896,0.0,41.16,13.8,
15.950,2892,0.0,37.78,-275.8,
15.960,2892,0.0,39.71,117.2,
15.970,2882,0.0,41.09,137.9,
15.980,2882,0.0,41.44,48.3,
15.990,2997,0.0,37.92,-282.7,
16.000,2997,0.0,39.85,110.3,
16.013,2997,0.0,40.95,110.3,
16.020,2932,0.0,41.44,55.2,
16.031,2940,0.0,38.06,-268.9,
16.040,2940,0.0,39.71,96.5,
16.051,2916,0.0,40.82,110.3,
16.060,2916,0.0,41.44,68.9,
16.071,3009,0.0,37.92,-282.7,
16.080,3009,0.0,39.30,68.9,
16.091,2970,0.0,40.82,137.9,
16.100,2970,0.0,41.30,55.2,
16.111,3030,0.0,37.78,-282.7,
16.120,3030,0.0,39.30,75.8,
16.136,2975,0.0,40.68,131.0,
16.140,2975,0.0,41.16,55.2,
16.151,3003,0.0,37.78,-268.9,
16.160,3003,0.0,39.16,75.8,
16.173,2934,0.0,40.68,137.9,
16.180,2934,0.0,41.99,131.0,
16.190,2934,0.0,37.92,-324.1,
16.200,2929,0.0,38.89,20.7,
16.210,2929,0.0,40.40,131.0,
16.220,2895,0.0,41.85,137.9,
16.230,2895,0.0,38.75,-241.3,
16.240,2971,0.0,38.89,-34.5,
ˇPerformance Electronics File (V5.6) v3.04.50      ™ ë » ˇ 6m•‹JÅ∏Ô&^ïÃ:q®ﬂNÖºÛ  ÙË‹–ƒ	∏¨†îà|pdXL@4!(#%')¯*Ï,‡.                          ™# " !        
 
               $ # "        
 
 	              % $ "        
 
 	 	 	 	 	 	 	 	       & & % !           	 	 	 	 	 	 	       ' ' % $ #          	 	 	 
 
 
 	       & $ " !             	 	 	 
 
 	 	       !           
  	 	 	 
 
 	 	       "           
     
 
 	                           
  
                          
                          
                         	                          
                          
                          
 
       * * ) * ( ( % ' !           
       + * * ) ( ( & ( !                  + * * ) ( ( & ( "                  . - - , + ) ) ) "                  / / / / . - + , % " !                / / / / . - * + $ !     ! !             / / / / . - * ( !                  / / / / . - & %                   + + + + . - ( &                   + + + + . - & %                   L L O T T T T T T T T T T T T T T T T T T T T T T T P O S T T T T T T T T T T T T T T T T T T T T T T T U T T T T T T T T T T T T T T T T T T T T T T T T T Z Y X T T T T T T T T T T T T T T T T T T T T T T T ^ ] \ [ Z Y X W V U U T S R R R R R R R R Z Z Z Z R h h h i i i j j j j j k U C R R R R R R R Z Z Z Z R i i j j j j j k k k l l W F D ? L L R R R Z Z Z Z R j j j k k k l l l l l m Y H F A H H R R R Z Z Z Z R p p p q q q q q r r r r [ J H C J H L L R Z Z Z Z R u u u v v v v v w w w w b P N J P N L L R R R R R R u u u v v v v v w w w w d ^ \ d ^ \ [ d d d d R R R w w w w w w w w w w w w f a ^ f a ^ ] ^ \ Z X V T H x x x x x x x x x x x x h c ` h c ` ^ ` ^ \ Z X U H z z z z z z z z z z z z j e c j e c ` b ` ^ [ Y V H w w w x x x x x x x y y l h e l h e b d a _ \ Z W H x x x y y y y y z z z z n j g n j g d f c ` ^ [ X H y y y z z z z z { { { { q l i q l i f g e b _ \ Y H { { { | | | | | | | } } s n k s n k h i f d ` ^ Z H | | | | } } } } } ~ ~ ~ u p m u p m j k h e b _ \ H } } } ~ ~ ~ ~ ~ ~ ~   w s o w s o l m j f c ` ] H ~ ~ ~ ~      Ä Ä Ä y u r y u r n [ W T P M J H    Ä Ä Ä Ä Ä Ä Ä Å Å | w t | w t p \ Y V R N K H Å Å Å Å Ç Ç Ç Ç Ç Ç Ç Ç ~ z v ~ z v r ^ [ W S P L H Ç Ç Ç Ç Ç É É É É É É É Ä | x Ä | x t ` \ X U Q M I É É   Ä Ä Ä Ä Ä Ä Ä Ä ~ z v ~ z v r ^ Z V R N J F \ \ \ \ \ ] ] ] ] ] ] ] ] ^ ^ ^ ^ ^ ^ ^ ^ _ _ _ _ _ [ [ [ \ \ \ \ \ \ \ ] ] ] ] ] ] ^ ^ ^ ^ ^ ^ _ _ _ _ [ [ [ \ \ \ \ \ \ \ ] ] ] ] ] ] ^ ^ ^ ^ ^ ^ _ _ _ _ Z Z Z [ [ [ [ \ \ \ \ ] ] ] ] ^ ^ ^ ^ _ _ _ _ ` ` ` Z Z Z [ [ [ [ \ \ \ \ ] ] ] ] ^ ^ ^ ^ _ _ _ _ ` ` ` Y Y Z Z Z Z [ [ [ \ \ \ \ ] ] ] ] ^ ^ ^ _ _ _ _ ` ` X X Y Y Y Z Z Z [ [ [ \ \ \ \ ] ] ] ^ ^ ^ _ _ _ ` ` X X Y Y Y Z Z Z [ [ [ \ \ \ \ ] ] ] ^ ^ ^ _ _ _ ` ` W W X X Y Y Y Z Z [ [ [ \ \ ] ] ] ^ ^ _ _ _ ` ` a a W W X X Y Y Y Z Z [ [ [ \ \ ] ] ] ^ ^ _ _ _ ` ` a a V V W W X X Y Y Z Z Z [ [ \ \ ] ] ] ^ ^ _ _ ` ` a a V V W W X X Y Y Z Z Z [ [ \ \ ] ] ] ^ ^ _ _ ` ` a a U V V W W X X Y Y Z Z [ [ \ \ ] ] ^ ^ _ _ ` ` a b b T U U V V W W X X Y Z Z [ [ \ \ ] ^ ^ _ _ ` ` a a b T U U V V W W X X Y Z Z [ [ \ \ ] ^ ^ _ _ ` ` a a b S T T U U V W W X X Y Z Z [ [ \ ] ] ^ ^ _ ` ` a a b S T T U U V W W X X Y Z Z [ [ \ ] ] ^ ^ _ ` ` a a b R S S T U U V W W X Y Y Z [ [ \ ] ^ ^ _ ` ` a b b c R S S T U U V W W X Y Y Z [ [ \ ] ^ ^ _ ` ` a b b c Q R R S T U U V W W X Y Z Z [ \ ] ] ^ _ _ ` a b b c P Q R R S T U U V W X X Y Z [ [ \ ] ^ ^ _ ` a a b c P Q R R S T U U V W X X Y Z [ [ \ ] ^ ^ _ ` a a b c O P Q R R S T U V W W X Y Z [ \ \ ] ^ _ ` a a b c d O P Q R R S T U V W W X Y Z [ \ \ ] ^ _ ` a a b c d N O P Q R R S T U V W X Y Y Z [ \ ] ^ _ ` ` a b c d                                                                                                                                                                                                                                                                                                                                                                                                                                                                                                                                                                                                                                                                                 p  d ( 
   ) X             » Ù          ËËd           Ø £ ó ã  x n l f d b ^ Z T N I D                        `‚ñ<&    ‡.‘0    <‚ñ<ñ                                                                                                                                                                                                                                                                                                                                                                                                                                                                                                                                                                                                                                                                      ˇˇˇˇˇˇˇˇˇˇˇˇˇˇˇˇˇ  
   2 
   d ËR˙ »  d   —   d                                                                             ø π ≥ ≠ ß ° õ ï è â É } w q k e _ Y S M G A ; 5 / ) ø π ≥ ≠ ß ° õ ï è â É } w q k e _ Y S M G A ; 5 / ) ø π ≥ ≠ ß ° õ ï è â É } w q k e _ Y S M G A ; 5 / ) ø π ≥ ≠ ß ° õ ï è â É } w q k e _ Y S M G A ; 5 / ) ø π ≥ ≠ ß ° õ ï è â É } w q k e _ Y S M G A ; 5 / ) ø π ≥ ≠ ß ° õ ï è â É } w q k e _ Y S M G A ; 5 / ) ø π ≥ ≠ ß ° õ ï è â É } w q k e _ Y S M G A ; 5 / ) ø π ≥ ≠ ß ° õ ï è â É } w q k e _ Y S M G A ; 5 / ) ø π ≥ ≠ ß ° õ ï è â É } w q k e _ Y S M G A ; 5 / ) ø π ≥ ≠ ß ° õ ï è â É } w q k e _ Y S M G A ; 5 / ) ø π ≥ ≠ ß ° õ ï è â É } w q k e _ Y S M G A ; 5 / ) ø π ≥ ≠ ß ° õ ï è â É } w q k e _ Y S M G A ; 5 / ) ø π ≥ ≠ ß ° õ ï è â É } w q k e _ Y S M G A ; 5 / ) ø π ≥ ≠ ß ° õ ï è â É } w q k e _ Y S M G A ; 5 / ) ø π ≥ ≠ ß ° õ ï è â É } w q k e _ Y S M G A ; 5 / ) ø π ≥ ≠ ß ° õ ï è â É } w q k e _ Y S M G A ; 5 / ) ø π ≥ ≠ ß ° õ ï è â É } w q k e _ Y S M G A ; 5 / ) ø π ≥ ≠ ß ° õ ï è â É } w q k e _ Y S M G A ; 5 / ) ø π ≥ ≠ ß ° õ ï è â É } w q k e _ Y S M G A ; 5 / ) ø π ≥ ≠ ß ° õ ï è â É } w q k e _ Y S M G A ; 5 / ) ø π ≥ ≠ ß ° õ ï è â É } w q k e _ Y S M G A ; 5 / ) ø π ≥ ≠ ß ° õ ï è â É } w q k e _ Y S M G A ; 5 / ) ø π ≥ ≠ ß ° õ ï è â É } w q k e _ Y S M G A ; 5 / ) ø π ≥ ≠ ß ° õ ï è â É } w q k e _ Y S M G A ; 5 / ) ø π ≥ ≠ ß ° õ ï è â É } w q k e _ Y S M G A ; 5 / ) < < < < < < < < < < < < < < < < < < < < < < < < < < < < < < < < < < < < < < < < < < < < < < < < < < < < < < < < < < < < < < < < < < < < < < < < < < < < < < @ @ @ @ @ @ @ @ @ @ @ @ @ @ @ @ @ @ @ @ @ @ @ @ @ @ C C C C C C C C C C C C C C C C C C C C C C C C C C G G G G G G G G G G G G G G G G G G G G G G G G G G J J J J J J J J J J J J J J J J J J J J J J J J J J N N N N N N N N N N N N N N N N N N N N N N N N N N R R R R R R R R R R R R R R R R R R R R R R R R R R U U U U U U U U U U U U U U U U U U U U U U U U U U Y Y Y Y Y Y Y Y Y Y Y Y Y Y Y Y Y Y Y Y Y Y Y Y Y Y \ \ \ \ \ \ \ \ \ \ \ \ \ \ \ \ \ \ \ \ \ \ \ \ \ \ ` ` ` ` ` ` ` ` ` ` ` ` ` ` ` ` ` ` ` ` ` ` ` ` ` ` d d d d d d d d d d d d d d d d d d d d d d d d d d g g g g g g g g g g g g g g g g g g g g g g g g g g k k k k k k k k k k k k k k k k k k k k k k k k k k n n n n n n n n n n n n n n n n n n n n n n n n n n n n n n n n n n n n n n n n n n n n n n n n n n n n n n n n n n n n n n n n n n n n n n n n n n n n n n n n n n n n n n n n n n n n n n n n n n n n n n n n n n n n n n n n n n n n n n n n n n n n n n n n n n n n n n n n n n n n n n n n n n n n n n n n n n n n n n n n n n n n n n n n n n n n n n n n n n n n n n n n n n n n n n n n n n n n n n n n n n n n n n n n n n n n n n n n n n n n n n n n n n n n n n n n n n d d d d d d d d d d d d d d d d d d d d d d d d d d d d d d d d d d d d d d d d d d d d d d d d d d d d d d d d d d d d d d d d d d d d d d d d d d d d d d d d d d d d d d d d d d d d d d d d d d d d d d d d d d d d d d d d d d d d d d d d d d d d d d d d d d d d d d d d d d d d d d d d d d d d d d d d d d d d d d d d d d d d d d d d d d d d d d d d d d d d d d d d d d d d d d d d d d d d d d d d d d d d d d d d d d d d d d d d d d d d d d d d d d d d d d d d d d d d d d d d d d d d d d d d d d d d d d d d d d d d d d d d d d d d d d d d d d d d d d d d d d d d d d d d d d d d d d d d d d d d d d d d d d d d d d d d d d d d d d d d d d d d d d d d d d d d d d d d d d d d d d d d d d d d d d d d d d d d d d d d d d d d d d d d d d d d d d d d d d d d d d d d d d d d d d d d d d d d d d d d d d d d d d d d d d d d d d d d d d d d d d d d d d d d d d d d d d d d d d d d d d d d d d d d d d d d d d d d d d d d d d d d d d d d d d d d d d d d d d d d d d d d d d d d d d d d d d d d d d d d d d d d d d d d d d d d d d d d d d d d d d d d d d d d d d d d d d d d d d d d d d d d d d d d d d d d d d d d d d d d d d d d d d d d d d d d d d d d d d d d d d d d d d d d d d d d d d d d d d d d d d d d d d d d d d d d d d d d d d d d d d d d d d d d d d d d d d d d d d d d d d d d d d d d d d                                                                                                                                                                                                                                                                                                                                                                                                                                                                                                                                                                                                                                                                                
 d Ù   ˙ ˙    
 `     d  ˙ ˙     Anlg #1    Ä ?  Anlg #2    Ä ?  Anlg #3    Ä ?  Anlg #4    Ä ?  Anlg #5    Ä ?  Anlg #6    Ä ?  Anlg #7    Ä ?  Anlg #8    Ä ?   Freq #1  Ä? Freq #2  Ä? Freq #3  Ä? Freq #4  Ä?  àBJp˛∏ Ñ § » ¿ ( » ¿ ( » ¿ ( » ¿ ( » ¿ ( » ¿ ( » ¿ ( » ¿ (                    » 
       Ë–Ñ∏ †ºàXpÙXê@,(#                                                                  Ë–Ñ∏ †ºàXpÙXê@,(#                                                                  Ë–Ñ∏ †ºàXpÙXê@,(#                                                                  Ë–Ñ∏ †ºàXpÙXê@,(#                                                                  Ë–Ñ∏ †ºàXpÙXê@,(#                                                                  Ë–Ñ∏ †ºàXpÙXê@,(#                                                                  Ë–Ñ∏ †ºàXpÙXê@,(#                                                                  Ë–Ñ∏ †ºàXpÙXê@,(#                                                                       Û)[ë úëÜym`UJ¸*XÜ¥‚	ˇı@eã∞˘ÙÔ(Ea~ËËË¸$8LÛ(\ë ú—:n£◊
~LËL~~~mAË;]]]]6Ë+;;;L+	ËÛ(\ë ú]ﬂü`!‚  ˇˇÔˇﬂˇœˇ¿ˇ∞ˇ    ÙˇËˇ‹ˇ–ˇƒˇ 	   ¯ˇˇËˇ‡ˇÿˇ
   ˝ˇ˘ˇıˇˇÏˇÛ(\ë ú—:n£◊
   ÛˇÂˇ◊ˇ»ˇ∫ˇ%  
 ˝ˇÔˇ‚ˇ‘ˇ«ˇ+    ˙ˇÓˇ·ˇ’ˇ2 '    ˘ˇÌˇ‚ˇñ ñ x x x å ñ ñ ñ ñ ñ ñ ñ ñ ñ ñ ñ ñ ñ ñ ñ ñ ñ ñ ñ                                 ®" :ƒ	>($ÅI($ÅI                        M      Ë8ˇÙ      ::  
 ˙                       à     	           Ëd   –»   ∏,  †ê  àÙ  pX  Xº  @   (#Ñ  'Ë  ¯*L  ‡.∞  »2  ∞6x  ò:‹  Ä>@  hB§                ‘0  ;   Ë  Ë Ë Ë Ë Ë Ë Ë Ë Ë	 Ë
 Ë Ë Ë Ë Ë Ë    Ë  Ë Ë Ë Ë Ë Ë Ë Ë Ë	 Ë
 Ë Ë Ë Ë Ë Ë    Ë  Ë Ë Ë Ë Ë Ë Ë Ë Ë	 Ë
 Ë Ë Ë Ë Ë Ë    Ë  Ë Ë Ë Ë Ë Ë Ë Ë Ë	 Ë
 Ë Ë Ë Ë Ë Ë    Ë  Ë Ë Ë Ë Ë Ë Ë Ë Ë	 Ë
 Ë Ë Ë Ë Ë Ë    Ë  Ë Ë Ë Ë Ë Ë Ë Ë Ë	 Ë
 Ë Ë Ë Ë Ë Ë    Ë  Ë Ë Ë Ë Ë Ë Ë Ë Ë	 Ë
 Ë Ë Ë Ë Ë Ë    Ë  Ë Ë Ë Ë Ë Ë Ë Ë Ë	 Ë
 Ë Ë Ë Ë Ë Ë       Ë–∏ËËËËËËËËËËËËËËËËËËËËËËËËËËËËËËËË2 2 2 2 2 2 2       d d  d d d d d d d d d d d d d d d d d d d d d d d d d d d d d d d d d d d d d d d d d d d d d d d d d d d d d d d d d d d d d d d d ËÑ ºXÙê,  Ë–∏†àpX                                                                                       DI #1   DI #2   DI #3   DI #4   DI #5   DI #6   DI #7  DO # 1  DO # 2  DO # 3  DO # 4  DO # 5  DO # 6  DO # 7  DO # 8  DO # 9 DO # 10ææ 2                                                                                                                                                                                                                                                                  DE #1      Ä?   DE #2      Ä?   DE #3      Ä?   DE #4      Ä?   DE #5      Ä?   DE #6      Ä?   DE #7      Ä?   DE #8      Ä?   DE #9      Ä?  DE #10      Ä?  DE #11      Ä?  DE #12      Ä?  
      ∞ ˙        »   2 d   ä¬˙ 2 ˙ ÙÓË‚‹÷–dddddddddddddddddddddddddddddddd        2>JVbnzÜx P (     ÿˇ∞ˇàˇQˇÉˇµˇÁˇ K } Ø 2 2 2 2 2 2 2      ú√Î;cä≤	––z^%Îœyy#ïŒ"x∞¡y2Í£[ËÑ ºXÙê,X-◊≠ÇW,Ù» Ù»  ∞ ¥   2 Ë  Ë  Ë€™ ¥  è ËÙË» Ë6¥  ËËËêË1¬¥ + ≠Ë‹ËXË[N¥ 9 ;Ë–Ë ËÜ⁄¥ G  Ëƒ	ËËË±f¥ V YË∏Ë∞Ë‹Ú¥ d ËË¨ËxË     Ë–∏                                                                ºëf;Êªê  ®P  à      à    Áƒ´™|»	
µé¸,à  ä ‘ @‘∂öJã‹	D>$⁄Ç(«:#      »   d » ,êÙXºàî†îà|pd  C  d                                                                       Ë å
          Ë d ÿˇd      :  pd  @Ëxî∞@ËÏ,22222 ò:BBBBBl~Ùæ  Ë              à  à  à  à  à  à  à  à  à  à  à  à  à  à  à  àËÓÙ˙ » êX Ë∞x@Ë˝(>Si~Ëˆ!/>LËÔËËËËËËÓÙ˙   œ ûn=€™ËËËËËËËËËËËËËËËËËËËËËËËËËËËËËËËË        »           »           »           »           »           »           »           »     `                                  ËËËËËËË                          @ Ä ¿   @ Ä ¿   @ Ä ¿   @ Ä ¿   @ Ä ¿   @ Ä ¿   @ Ä ¿   @ Ä ¿   –L¸>ö¸/&˝!≤˝>˛ ˛ˆVˇË‚ˇ            hËËËhËËËhËËËhËËËhËËËhËËËhËËËhËËËd
òNd
òN
 
 
 
 ë ‹&Û2 2 2                                                                                                                                    Ùd 
 Ù 2    Ë
 Ë Ë Ë( Ë2 Ë< ËF Ë ™
¥æ»(“2‹<ÊF p   
d  Ë                          †      Ù( Ë< ‹P –d ƒ	x ∏å ¨† †¥ î» à‹ | pdX,L@@  
Ù†X  User #1 User #2 User #3 User #4 User #5 User #6 User #7 User #8                                                                                                              I LËÑ     » » » » » » » »   ,XÑ∞‹4  ÙK     d » ,êÙXº ÑË  d » ,êÙXº ÑË  P †  @ê‡0Ä–          
    -2FK_dx}ë              (        ¥                                                                                                                                                                                                                      U™                                                                                                     

,Performance Electronics File (V5.6) v3.04.50
Serial Number:         68271998D575
Date: 10-18-2022